Year,Total,Mother age,Type of Registration,Number,Percentage of total,Count,Percentage count of total,Percentage count of total
2020,613936,19 and under,Outside Marriage Joint Registrations,268603,43.75%,11588,1.89%,0.01887493159
2020,613936,19 and under,Outside Marriage Sole Registrations,31963,5.21%,3649,0.59%,0.005943616273
2020,613936,19 and under,Within Marriage (or Civil Partnership),313370,51.04%,703,0.11%,0.001145070496
2020,613936,20-24,Outside Marriage Joint Registrations,268603,43.75%,55955,9.11%,0.09114142191
2020,613936,20-24,Outside Marriage Sole Registrations,31963,5.21%,7969,1.30%,0.01298018034
2020,613936,20-24,Within Marriage (or Civil Partnership),313370,51.04%,15702,2.56%,0.0255759558
2020,613936,25-29,Outside Marriage Joint Registrations,268603,43.75%,83991,13.68%,0.1368074197
2020,613936,25-29,Outside Marriage Sole Registrations,31963,5.21%,8068,1.31%,0.01314143494
2020,613936,25-29,Within Marriage (or Civil Partnership),313370,51.04%,72706,11.84%,0.1184260249
2020,613936,30-34,Outside Marriage Joint Registrations,268603,43.75%,69557,11.33%,0.1132968257
2020,613936,30-34,Outside Marriage Sole Registrations,31963,5.21%,6690,1.09%,0.01089690131
2020,613936,30-34,Within Marriage (or Civil Partnership),313370,51.04%,129428,21.08%,0.2108167627
2020,613936,35-39,Outside Marriage Joint Registrations,268603,43.75%,37074,6.04%,0.06038740194
2020,613936,35-39,Outside Marriage Sole Registrations,31963,5.21%,4018,0.65%,0.006544656121
2020,613936,35-39,Within Marriage (or Civil Partnership),313370,51.04%,77334,12.60%,0.1259642699
2020,613936,40-44,Outside Marriage Joint Registrations,268603,43.75%,9667,1.57%,0.01574594094
2020,613936,40-44,Outside Marriage Sole Registrations,31963,5.21%,1335,0.22%,0.002174493758
2020,613936,40-44,Within Marriage (or Civil Partnership),313370,51.04%,16071,2.62%,0.02617699565
2020,613936,45 and over,Outside Marriage Joint Registrations,268603,43.75%,734,0.12%,0.001195564358
2020,613936,45 and over,Outside Marriage Sole Registrations,31963,5.21%,209,0.03%,0.0003404263637
2020,613936,45 and over,Within Marriage (or Civil Partnership),313370,51.04%,1396,0.23%,0.002273852649
2019,640370,19 and under,Outside Marriage Joint Registrations,277285,43.30%,13121,2.05%,0.02048971688
2019,640370,19 and under,Outside Marriage Sole Registrations,33114,5.17%,3759,0.59%,0.005870043881
2019,640370,19 and under,Within Marriage (or Civil Partnership),329971,51.53%,840,0.13%,0.001311741649
2019,640370,20-24,Outside Marriage Joint Registrations,277285,43.30%,60816,9.50%,0.09497009541
2019,640370,20-24,Outside Marriage Sole Registrations,33114,5.17%,8568,1.34%,0.01337976482
2019,640370,20-24,Within Marriage (or Civil Partnership),329971,51.53%,17372,2.71%,0.02712806659
2019,640370,25-29,Outside Marriage Joint Registrations,277285,43.30%,87391,13.65%,0.136469541
2019,640370,25-29,Outside Marriage Sole Registrations,33114,5.17%,8440,1.32%,0.01317988038
2019,640370,25-29,Within Marriage (or Civil Partnership),329971,51.53%,78113,12.20%,0.1219810422
2019,640370,30-34,Outside Marriage Joint Registrations,277285,43.30%,68346,10.67%,0.1067289223
2019,640370,30-34,Outside Marriage Sole Registrations,33114,5.17%,6628,1.04%,0.01035026625
2019,640370,30-34,Within Marriage (or Civil Partnership),329971,51.53%,134931,21.07%,0.210707872
2019,640370,35-39,Outside Marriage Joint Registrations,277285,43.30%,37415,5.84%,0.0584271593
2019,640370,35-39,Outside Marriage Sole Registrations,33114,5.17%,4165,0.65%,0.006504052345
2019,640370,35-39,Within Marriage (or Civil Partnership),329971,51.53%,80829,12.62%,0.1262223402
2019,640370,40-44,Outside Marriage Joint Registrations,277285,43.30%,9465,1.48%,0.01478051751
2019,640370,40-44,Outside Marriage Sole Registrations,33114,5.17%,1337,0.21%,0.002087855459
2019,640370,40-44,Within Marriage (or Civil Partnership),329971,51.53%,16426,2.57%,0.02565079563
2019,640370,45 and over,Outside Marriage Joint Registrations,277285,43.30%,723,0.11%,0.001129034777
2019,640370,45 and over,Outside Marriage Sole Registrations,33114,5.17%,213,0.03%,0.0003326202039
2019,640370,45 and over,Within Marriage (or Civil Partnership),329971,51.53%,1454,0.23%,0.002270562331
2018,657076,19 and under,Outside Marriage Joint Registrations,283745,43.18%,14055,2.14%,0.0213902197
2018,657076,19 and under,Outside Marriage Sole Registrations,34064,5.18%,4001,0.61%,0.00608909776
2018,657076,19 and under,Within Marriage (or Civil Partnership),339267,51.63%,920,0.14%,0.001400142449
2018,657076,20-24,Outside Marriage Joint Registrations,283745,43.18%,64193,9.77%,0.0976949394
2018,657076,20-24,Outside Marriage Sole Registrations,34064,5.18%,8963,1.36%,0.01364073562
2018,657076,20-24,Within Marriage (or Civil Partnership),339267,51.63%,17939,2.73%,0.02730125587
2018,657076,25-29,Outside Marriage Joint Registrations,283745,43.18%,89436,13.61%,0.1361121088
2018,657076,25-29,Outside Marriage Sole Registrations,34064,5.18%,8925,1.36%,0.01358290365
2018,657076,25-29,Within Marriage (or Civil Partnership),339267,51.63%,82497,12.56%,0.1255516866
2018,657076,30-34,Outside Marriage Joint Registrations,283745,43.18%,68280,10.39%,0.10391492
2018,657076,30-34,Outside Marriage Sole Registrations,34064,5.18%,6686,1.02%,0.01017538306
2018,657076,30-34,Within Marriage (or Civil Partnership),339267,51.63%,137741,20.96%,0.2096271969
2018,657076,35-39,Outside Marriage Joint Registrations,283745,43.18%,37888,5.77%,0.05766151861
2018,657076,35-39,Outside Marriage Sole Registrations,34064,5.18%,4035,0.61%,0.006140842155
2018,657076,35-39,Within Marriage (or Civil Partnership),339267,51.63%,82644,12.58%,0.125775405
2018,657076,40-44,Outside Marriage Joint Registrations,283745,43.18%,9184,1.40%,0.01397707419
2018,657076,40-44,Outside Marriage Sole Registrations,34064,5.18%,1244,0.19%,0.001893236094
2018,657076,40-44,Within Marriage (or Civil Partnership),339267,51.63%,16071,2.45%,0.02445835794
2018,657076,45 and over,Outside Marriage Joint Registrations,283745,43.18%,708,0.11%,0.001077500928
2018,657076,45 and over,Outside Marriage Sole Registrations,34064,5.18%,206,0.03%,0.0003135101571
2018,657076,45 and over,Within Marriage (or Civil Partnership),339267,51.63%,1452,0.22%,0.00220979004
2017,679106,19 and under,Outside Marriage Joint Registrations,291633,42.94%,15200,2.24%,0.02238236741
2017,679106,19 and under,Outside Marriage Sole Registrations,35203,5.18%,4229,0.62%,0.006227304721
2017,679106,19 and under,Within Marriage (or Civil Partnership),35203,5.18%,929,0.14%,0.001367974955
2017,679106,20-24,Outside Marriage Joint Registrations,291633,42.94%,69009,10.16%,0.1016174205
2017,679106,20-24,Outside Marriage Sole Registrations,35203,5.18%,9398,1.38%,0.01383878216
2017,679106,20-24,Within Marriage (or Civil Partnership),352270,51.87%,19099,2.81%,0.02812373915
2017,679106,25-29,Outside Marriage Joint Registrations,291633,42.94%,92461,13.62%,0.1361510574
2017,679106,25-29,Outside Marriage Sole Registrations,35203,5.18%,9244,1.36%,0.01361201344
2017,679106,25-29,Within Marriage (or Civil Partnership),352270,51.87%,88323,13.01%,0.1300577524
2017,679106,30-34,Outside Marriage Joint Registrations,291633,42.94%,67560,9.95%,0.09948373303
2017,679106,30-34,Outside Marriage Sole Registrations,35203,5.18%,6785,1.00%,0.009991076504
2017,679106,30-34,Within Marriage (or Civil Partnership),352270,51.87%,142442,20.97%,0.209749288
2017,679106,35-39,Outside Marriage Joint Registrations,291633,42.94%,37457,5.52%,0.05515633789
2017,679106,35-39,Outside Marriage Sole Registrations,35203,5.18%,4013,0.59%,0.0059092395
2017,679106,35-39,Within Marriage (or Civil Partnership),352270,51.87%,83644,12.32%,0.1231678118
2017,679106,40-44,Outside Marriage Joint Registrations,291633,42.94%,9200,1.35%,0.01354722238
2017,679106,40-44,Outside Marriage Sole Registrations,35203,5.18%,1326,0.20%,0.001952567051
2017,679106,40-44,Within Marriage (or Civil Partnership),352270,51.87%,16430,2.42%,0.02419357214
2017,679106,45 and over,Outside Marriage Joint Registrations,291633,42.94%,746,0.11%,0.001098503032
2017,679106,45 and over,Outside Marriage Sole Registrations,35203,5.18%,208,0.03%,0.0003062850277
2017,679106,45 and over,Within Marriage (or Civil Partnership),352270,51.87%,1403,0.21%,0.002065951413
2016,696271,19 and under,Outside Marriage Joint Registrations,295628,42.46%,16784,2.41%,0.0241055566
2016,696271,19 and under,Outside Marriage Sole Registrations,36122,5.19%,4592,0.66%,0.006595133217
2016,696271,19 and under,Within Marriage (or Civil Partnership),364521,52.35%,1089,0.16%,0.001564046183
2016,696271,20-24,Outside Marriage Joint Registrations,295628,42.46%,72766,10.45%,0.1045081585
2016,696271,20-24,Outside Marriage Sole Registrations,36122,5.19%,9632,1.38%,0.01383369406
2016,696271,20-24,Within Marriage (or Civil Partnership),364521,52.35%,20209,2.90%,0.02902461829
2016,696271,25-29,Outside Marriage Joint Registrations,295628,42.46%,92547,13.29%,0.1329180736
2016,696271,25-29,Outside Marriage Sole Registrations,36122,5.19%,9467,1.36%,0.01359671737
2016,696271,25-29,Within Marriage (or Civil Partnership),364521,52.35%,94118,13.52%,0.1351743789
2016,696271,30-34,Outside Marriage Joint Registrations,295628,42.46%,66664,9.57%,0.09574432943
2016,696271,30-34,Outside Marriage Sole Registrations,36122,5.19%,6783,0.97%,0.009741896474
2016,696271,30-34,Within Marriage (or Civil Partnership),364521,52.35%,146682,21.07%,0.2106679727
2016,696271,35-39,Outside Marriage Joint Registrations,295628,42.46%,36828,5.29%,0.05289319819
2016,696271,35-39,Outside Marriage Sole Registrations,36122,5.19%,4146,0.60%,0.005954578031
2016,696271,35-39,Within Marriage (or Civil Partnership),364521,52.35%,84231,12.10%,0.1209744482
2016,696271,40-44,Outside Marriage Joint Registrations,295628,42.46%,9350,1.34%,0.01342867935
2016,696271,40-44,Outside Marriage Sole Registrations,36122,5.19%,1309,0.19%,0.001880015109
2016,696271,40-44,Within Marriage (or Civil Partnership),364521,52.35%,16788,2.41%,0.02411130149
2016,696271,45 and over,Outside Marriage Joint Registrations,295628,42.46%,689,0.10%,0.000989557227
2016,696271,45 and over,Outside Marriage Sole Registrations,36122,5.19%,193,0.03%,0.0002771909214
2016,696271,45 and over,Within Marriage (or Civil Partnership),364521,52.35%,1404,0.20%,0.002016456236
2015,697852,19 and under,Outside Marriage Joint Registrations,296420,42.48%,18016,2.58%,0.02581636221
2015,697852,19 and under,Outside Marriage Sole Registrations,36804,5.27%,4863,0.70%,0.006968526278
2015,697852,19 and under,Within Marriage (or Civil Partnership),364628,52.25%,1069,0.15%,0.001531843428
2015,697852,20-24,Outside Marriage Joint Registrations,296420,42.48%,76535,10.97%,0.1096722514
2015,697852,20-24,Outside Marriage Sole Registrations,36804,5.27%,10335,1.48%,0.01480973043
2015,697852,20-24,Within Marriage (or Civil Partnership),364628,52.25%,21241,3.04%,0.03043768593
2015,697852,25-29,Outside Marriage Joint Registrations,296420,42.48%,91313,13.08%,0.1308486613
2015,697852,25-29,Outside Marriage Sole Registrations,36804,5.27%,9405,1.35%,0.01347706964
2015,697852,25-29,Within Marriage (or Civil Partnership),364628,52.25%,97465,13.97%,0.1396642841
2015,697852,30-34,Outside Marriage Joint Registrations,296420,42.48%,65355,9.37%,0.09365166253
2015,697852,30-34,Outside Marriage Sole Registrations,36804,5.27%,6800,0.97%,0.009744186446
2015,697852,30-34,Within Marriage (or Civil Partnership),364628,52.25%,145600,20.86%,0.2086402274
2015,697852,35-39,Outside Marriage Joint Registrations,296420,42.48%,35312,5.06%,0.05060098703
2015,697852,35-39,Outside Marriage Sole Registrations,36804,5.27%,3906,0.56%,0.005597175332
2015,697852,35-39,Within Marriage (or Civil Partnership),364628,52.25%,81396,11.66%,0.1166379118
2015,697852,40-44,Outside Marriage Joint Registrations,296420,42.48%,9199,1.32%,0.01318187811
2015,697852,40-44,Outside Marriage Sole Registrations,36804,5.27%,1312,0.19%,0.001880054797
2015,697852,40-44,Within Marriage (or Civil Partnership),364628,52.25%,16554,2.37%,0.02372136212
2015,697852,45 and over,Outside Marriage Joint Registrations,296420,42.48%,690,0.10%,0.0009887483306
2015,697852,45 and over,Outside Marriage Sole Registrations,36804,5.27%,183,0.03%,0.0002622332529
2015,697852,45 and over,Within Marriage (or Civil Partnership),364628,52.25%,1303,0.19%,0.001867158079
2014,695233,19 and under,Outside Marriage Joint Registrations,292456,42.07%,19423,2.79%,0.02793739653
2014,695233,19 and under,Outside Marriage Sole Registrations,37779,5.43%,5389,0.78%,0.007751358178
2014,695233,19 and under,Within Marriage (or Civil Partnership),364998,52.50%,1165,0.17%,0.001675697212
2014,695233,20-24,Outside Marriage Joint Registrations,292456,42.07%,78812,11.34%,0.1133605568
2014,695233,20-24,Outside Marriage Sole Registrations,37779,5.43%,10930,1.57%,0.01572134809
2014,695233,20-24,Within Marriage (or Civil Partnership),364998,52.50%,22873,3.29%,0.03289976166
2014,695233,25-29,Outside Marriage Joint Registrations,292456,42.07%,87637,12.61%,0.126054143
2014,695233,25-29,Outside Marriage Sole Registrations,37779,5.43%,9539,1.37%,0.01372058001
2014,695233,25-29,Within Marriage (or Civil Partnership),364998,52.50%,99642,14.33%,0.1433217353
2014,695233,30-34,Outside Marriage Joint Registrations,292456,42.07%,63591,9.15%,0.09146717719
2014,695233,30-34,Outside Marriage Sole Registrations,37779,5.43%,6774,0.97%,0.009743496065
2014,695233,30-34,Within Marriage (or Civil Partnership),364998,52.50%,145277,20.90%,0.2089615999
2014,695233,35-39,Outside Marriage Joint Registrations,292456,42.07%,33188,4.77%,0.04773651423
2014,695233,35-39,Outside Marriage Sole Registrations,37779,5.43%,3690,0.53%,0.005307573145
2014,695233,35-39,Within Marriage (or Civil Partnership),364998,52.50%,78293,11.26%,0.1126140445
2014,695233,40-44,Outside Marriage Joint Registrations,292456,42.07%,9154,1.32%,0.01316680883
2014,695233,40-44,Outside Marriage Sole Registrations,37779,5.43%,1306,0.19%,0.001878506918
2014,695233,40-44,Within Marriage (or Civil Partnership),364998,52.50%,16561,2.38%,0.02382079102
2014,695233,45 and over,Outside Marriage Joint Registrations,292456,42.07%,651,0.09%,0.0009363767255
2014,695233,45 and over,Outside Marriage Sole Registrations,37779,5.43%,151,0.02%,0.0002171933726
2014,695233,45 and over,Within Marriage (or Civil Partnership),364998,52.50%,1187,0.17%,0.00170734128
2013,698512,19 and under,Outside Marriage Joint Registrations,291595,41.75%,21848,3.13%,0.03127791649
2013,698512,19 and under,Outside Marriage Sole Registrations,39299,5.63%,6016,0.86%,0.008612593628
2013,698512,19 and under,Within Marriage (or Civil Partnership),367618,52.63%,1272,0.18%,0.001821013812
2013,698512,20-24,Outside Marriage Joint Registrations,291595,41.75%,82245,11.77%,0.1177431454
2013,698512,20-24,Outside Marriage Sole Registrations,39299,5.63%,11680,1.67%,0.0167212589
2013,698512,20-24,Within Marriage (or Civil Partnership),367618,52.63%,25794,3.69%,0.03692706782
2013,698512,25-29,Outside Marriage Joint Registrations,291595,41.75%,85011,12.17%,0.1217029915
2013,698512,25-29,Outside Marriage Sole Registrations,39299,5.63%,9576,1.37%,0.01370914172
2013,698512,25-29,Within Marriage (or Civil Partnership),367618,52.63%,102106,14.62%,0.1461764436
2013,698512,30-34,Outside Marriage Joint Registrations,291595,41.75%,61117,8.75%,0.08749599148
2013,698512,30-34,Outside Marriage Sole Registrations,39299,5.63%,6813,0.98%,0.009753590489
2013,698512,30-34,Within Marriage (or Civil Partnership),367618,52.63%,144376,20.67%,0.2066907941
2013,698512,35-39,Outside Marriage Joint Registrations,291595,41.75%,31733,4.54%,0.04542942713
2013,698512,35-39,Outside Marriage Sole Registrations,39299,5.63%,3721,0.53%,0.005327038047
2013,698512,35-39,Within Marriage (or Civil Partnership),367618,52.63%,76046,10.89%,0.1088685663
2013,698512,40-44,Outside Marriage Joint Registrations,291595,41.75%,9018,1.29%,0.01291030075
2013,698512,40-44,Outside Marriage Sole Registrations,39299,5.63%,1347,0.19%,0.00192838491
2013,698512,40-44,Within Marriage (or Civil Partnership),367618,52.63%,16783,2.40%,0.02402678837
2013,698512,45 and over,Outside Marriage Joint Registrations,291595,41.75%,623,0.09%,0.0008918959159
2013,698512,45 and over,Outside Marriage Sole Registrations,39299,5.63%,146,0.02%,0.0002090157363
2013,698512,45 and over,Within Marriage (or Civil Partnership),367618,52.63%,1241,0.18%,0.001776633759
2012,729674,19 and under,Outside Marriage Joint Registrations,304606,41.75%,25653,3.52%,0.03515679605
2012,729674,19 and under,Outside Marriage Sole Registrations,41879,5.74%,6867,0.94%,0.009411052059
2012,729674,19 and under,Within Marriage (or Civil Partnership),383189,52.52%,1295,0.18%,0.001774765169
2012,729674,20-24,Outside Marriage Joint Registrations,304606,41.75%,90018,12.34%,0.1233674216
2012,729674,20-24,Outside Marriage Sole Registrations,41879,5.74%,12811,1.76%,0.01755715566
2012,729674,20-24,Within Marriage (or Civil Partnership),383189,52.52%,29627,4.06%,0.04060306383
2012,729674,25-29,Outside Marriage Joint Registrations,304606,41.75%,85790,11.76%,0.1175730532
2012,729674,25-29,Outside Marriage Sole Registrations,41879,5.74%,10025,1.37%,0.01373901222
2012,729674,25-29,Within Marriage (or Civil Partnership),383189,52.52%,106555,14.60%,0.1460309673
2012,729674,30-34,Outside Marriage Joint Registrations,304606,41.75%,60966,8.36%,0.08355238093
2012,729674,30-34,Outside Marriage Sole Registrations,41879,5.74%,6873,0.94%,0.009419274909
2012,729674,30-34,Within Marriage (or Civil Partnership),383189,52.52%,148403,20.34%,0.2033826065
2012,729674,35-39,Outside Marriage Joint Registrations,304606,41.75%,32260,4.42%,0.0442115246
2012,729674,35-39,Outside Marriage Sole Registrations,41879,5.74%,3848,0.53%,0.005273587931
2012,729674,35-39,Within Marriage (or Civil Partnership),383189,52.52%,78689,10.78%,0.10784131
2012,729674,40-44,Outside Marriage Joint Registrations,304606,41.75%,9337,1.28%,0.01279612539
2012,729674,40-44,Outside Marriage Sole Registrations,41879,5.74%,1302,0.18%,0.001784358494
2012,729674,40-44,Within Marriage (or Civil Partnership),383189,52.52%,17380,2.38%,0.02381885609
2012,729674,45 and over,Outside Marriage Joint Registrations,304606,41.75%,582,0.08%,0.0007976164698
2012,729674,45 and over,Outside Marriage Sole Registrations,41879,5.74%,153,0.02%,0.0002096826802
2012,729674,45 and over,Within Marriage (or Civil Partnership),383189,52.52%,1240,0.17%,0.001699389042
2011,723913,19 and under,Outside Marriage Joint Registrations,299521,41.38%,27560,3.81%,0.03807087316
2011,723913,19 and under,Outside Marriage Sole Registrations,41818,5.78%,7465,1.03%,0.01031201263
2011,723913,19 and under,Within Marriage (or Civil Partnership),382574,52.85%,1410,0.19%,0.001947747865
2011,723913,20-24,Outside Marriage Joint Registrations,299521,41.38%,90113,12.45%,0.1244804279
2011,723913,20-24,Outside Marriage Sole Registrations,41818,5.78%,13048,1.80%,0.01802426535
2011,723913,20-24,Within Marriage (or Civil Partnership),382574,52.85%,31785,4.39%,0.04390720984
2011,723913,25-29,Outside Marriage Joint Registrations,299521,41.38%,83481,11.53%,0.115319106
2011,723913,25-29,Outside Marriage Sole Registrations,41818,5.78%,9723,1.34%,0.01343117198
2011,723913,25-29,Within Marriage (or Civil Partnership),382574,52.85%,107383,14.83%,0.1483368858
2011,723913,30-34,Outside Marriage Joint Registrations,299521,41.38%,57195,7.90%,0.07900811285
2011,723913,30-34,Outside Marriage Sole Registrations,41818,5.78%,6437,0.89%,0.008891952486
2011,723913,30-34,Within Marriage (or Civil Partnership),382574,52.85%,143519,19.83%,0.1982544864
2011,723913,35-39,Outside Marriage Joint Registrations,299521,41.38%,31781,4.39%,0.04390168432
2011,723913,35-39,Outside Marriage Sole Registrations,41818,5.78%,3712,0.51%,0.005127687996
2011,723913,35-39,Within Marriage (or Civil Partnership),382574,52.85%,79951,11.04%,0.1104428295
2011,723913,40-44,Outside Marriage Joint Registrations,299521,41.38%,8816,1.22%,0.01217825899
2011,723913,40-44,Outside Marriage Sole Registrations,41818,5.78%,1314,0.18%,0.001815135244
2011,723913,40-44,Within Marriage (or Civil Partnership),382574,52.85%,17388,2.40%,0.0240194609
2011,723913,45 and over,Outside Marriage Joint Registrations,299521,41.38%,575,0.08%,0.000794294342
2011,723913,45 and over,Outside Marriage Sole Registrations,41818,5.78%,119,0.02%,0.0001643843943
2011,723913,45 and over,Within Marriage (or Civil Partnership),382574,52.85%,1138,0.16%,0.001572012106
2010,723165,19 and under,Outside Marriage Joint Registrations,296298,40.97%,30753,4.25%,0.04252556471
2010,723165,19 and under,Outside Marriage Sole Registrations,42492,5.88%,8154,1.13%,0.01127543507
2010,723165,19 and under,Within Marriage (or Civil Partnership),384375,53.15%,1684,0.23%,0.002328652521
2010,723165,20-24,Outside Marriage Joint Registrations,296298,40.97%,90000,12.45%,0.1244529257
2010,723165,20-24,Outside Marriage Sole Registrations,42492,5.88%,13357,1.85%,0.01847019698
2010,723165,20-24,Within Marriage (or Civil Partnership),384375,53.15%,33955,4.70%,0.04695332324
2010,723165,25-29,Outside Marriage Joint Registrations,296298,40.97%,81049,11.21%,0.1120753908
2010,723165,25-29,Outside Marriage Sole Registrations,42492,5.88%,9719,1.34%,0.01343953316
2010,723165,25-29,Within Marriage (or Civil Partnership),384375,53.15%,108465,15.00%,0.1499865176
2010,723165,30-34,Outside Marriage Joint Registrations,296298,40.97%,54336,7.51%,0.07513637966
2010,723165,30-34,Outside Marriage Sole Registrations,42492,5.88%,6248,0.86%,0.008639798663
2010,723165,30-34,Within Marriage (or Civil Partnership),384375,53.15%,141873,19.62%,0.1961834436
2010,723165,35-39,Outside Marriage Joint Registrations,296298,40.97%,31356,4.34%,0.04335939931
2010,723165,35-39,Outside Marriage Sole Registrations,42492,5.88%,3639,0.50%,0.005032046628
2010,723165,35-39,Within Marriage (or Civil Partnership),384375,53.15%,80846,11.18%,0.1117946803
2010,723165,40-44,Outside Marriage Joint Registrations,296298,40.97%,8294,1.15%,0.01146902851
2010,723165,40-44,Outside Marriage Sole Registrations,42492,5.88%,1275,0.18%,0.001763083114
2010,723165,40-44,Within Marriage (or Civil Partnership),384375,53.15%,16404,2.27%,0.02268361992
2010,723165,45 and over,Outside Marriage Joint Registrations,296298,40.97%,510,0.07%,0.0007052332455
2010,723165,45 and over,Outside Marriage Sole Registrations,42492,5.88%,100,0.01%,0.0001382810285
2010,723165,45 and over,Within Marriage (or Civil Partnership),384375,53.15%,1148,0.16%,0.001587466208
2009,706248,19 and under,Outside Marriage Joint Registrations,282440,39.99%,31978,4.53%,0.04527871229
2009,706248,19 and under,Outside Marriage Sole Registrations,43739,6.19%,8931,1.26%,0.01264569953
2009,706248,19 and under,Within Marriage (or Civil Partnership),380069,53.82%,2334,0.33%,0.00330478812
2009,706248,20-24,Outside Marriage Joint Registrations,282440,39.99%,86189,12.20%,0.1220378677
2009,706248,20-24,Outside Marriage Sole Registrations,43739,6.19%,13903,1.97%,0.01968571946
2009,706248,20-24,Within Marriage (or Civil Partnership),380069,53.82%,35920,5.09%,0.05086032102
2009,706248,25-29,Outside Marriage Joint Registrations,282440,39.99%,75687,10.72%,0.1071677371
2009,706248,25-29,Outside Marriage Sole Registrations,43739,6.19%,9943,1.41%,0.01407862394
2009,706248,25-29,Within Marriage (or Civil Partnership),380069,53.82%,108499,15.36%,0.1536273377
2009,706248,30-34,Outside Marriage Joint Registrations,282440,39.99%,49822,7.05%,0.07054462455
2009,706248,30-34,Outside Marriage Sole Registrations,43739,6.19%,5976,0.85%,0.008461616882
2009,706248,30-34,Within Marriage (or Civil Partnership),380069,53.82%,135802,19.23%,0.1922865622
2009,706248,35-39,Outside Marriage Joint Registrations,282440,39.99%,30427,4.31%,0.04308259988
2009,706248,35-39,Outside Marriage Sole Registrations,43739,6.19%,3705,0.52%,0.005246032555
2009,706248,35-39,Within Marriage (or Civil Partnership),380069,53.82%,80156,11.35%,0.1134955426
2009,706248,40-44,Outside Marriage Joint Registrations,282440,39.99%,7864,1.11%,0.01113489879
2009,706248,40-44,Outside Marriage Sole Registrations,43739,6.19%,1175,0.17%,0.001663721526
2009,706248,40-44,Within Marriage (or Civil Partnership),380069,53.82%,16318,2.31%,0.02310519817
2009,706248,45 and over,Outside Marriage Joint Registrations,282440,39.99%,473,0.07%,0.0006697364099
2009,706248,45 and over,Outside Marriage Sole Registrations,43739,6.19%,106,0.02%,0.0001500889206
2009,706248,45 and over,Within Marriage (or Civil Partnership),380069,53.82%,1040,0.15%,0.001472570542
2008,708711,19 and under,Outside Marriage Joint Registrations,275317,38.85%,32392,4.57%,0.04570551325
2008,708711,19 and under,Outside Marriage Sole Registrations,45464,6.42%,9560,1.35%,0.01348927842
2008,708711,19 and under,Within Marriage (or Civil Partnership),387930,54.74%,2739,0.39%,0.003864762929
2008,708711,20-24,Outside Marriage Joint Registrations,275317,38.85%,83015,11.71%,0.1171351933
2008,708711,20-24,Outside Marriage Sole Registrations,45464,6.42%,14717,2.08%,0.0207658693
2008,708711,20-24,Within Marriage (or Civil Partnership),387930,54.74%,38239,5.40%,0.05395570268
2008,708711,25-29,Outside Marriage Joint Registrations,275317,38.85%,72647,10.25%,0.1025058169
2008,708711,25-29,Outside Marriage Sole Registrations,45464,6.42%,9960,1.41%,0.01405368338
2008,708711,25-29,Within Marriage (or Civil Partnership),387930,54.74%,110353,15.57%,0.15570945
2008,708711,30-34,Outside Marriage Joint Registrations,275317,38.85%,48435,6.83%,0.06834238498
2008,708711,30-34,Outside Marriage Sole Registrations,45464,6.42%,5949,0.84%,0.008394112692
2008,708711,30-34,Within Marriage (or Civil Partnership),387930,54.74%,138066,19.48%,0.1948128363
2008,708711,35-39,Outside Marriage Joint Registrations,275317,38.85%,30698,4.33%,0.04331525826
2008,708711,35-39,Outside Marriage Sole Registrations,45464,6.42%,3920,0.55%,0.005531168558
2008,708711,35-39,Within Marriage (or Civil Partnership),387930,54.74%,81602,11.51%,0.1151414328
2008,708711,40-44,Outside Marriage Joint Registrations,275317,38.85%,7730,1.09%,0.01090712575
2008,708711,40-44,Outside Marriage Sole Registrations,45464,6.42%,1270,0.18%,0.001791985732
2008,708711,40-44,Within Marriage (or Civil Partnership),387930,54.74%,15991,2.26%,0.02256349908
2008,708711,45 and over,Outside Marriage Joint Registrations,275317,38.85%,400,0.06%,0.0005644049549
2008,708711,45 and over,Outside Marriage Sole Registrations,45464,6.42%,88,0.01%,0.0001241690901
2008,708711,45 and over,Within Marriage (or Civil Partnership),387930,54.74%,940,0.13%,0.001326351644
2007,690013,19 and under,Outside Marriage Joint Registrations,259849,37.66%,31750,4.60%,0.04601362583
2007,690013,19 and under,Outside Marriage Sole Registrations,45701,6.62%,9968,1.44%,0.01444610464
2007,690013,19 and under,Within Marriage (or Civil Partnership),384463,55.72%,3087,0.45%,0.004473828754
2007,690013,20-24,Outside Marriage Joint Registrations,259849,37.66%,77319,11.21%,0.1120544106
2007,690013,20-24,Outside Marriage Sole Registrations,45701,6.62%,14606,2.12%,0.02116771713
2007,690013,20-24,Within Marriage (or Civil Partnership),384463,55.72%,38859,5.63%,0.05631633027
2007,690013,25-29,Outside Marriage Joint Registrations,259849,37.66%,66244,9.60%,0.09600398833
2007,690013,25-29,Outside Marriage Sole Registrations,45701,6.62%,9723,1.41%,0.01409103886
2007,690013,25-29,Within Marriage (or Civil Partnership),384463,55.72%,106603,15.45%,0.1544941907
2007,690013,30-34,Outside Marriage Joint Registrations,259849,37.66%,46807,6.78%,0.06783495383
2007,690013,30-34,Outside Marriage Sole Registrations,45701,6.62%,6160,0.89%,0.008927368035
2007,690013,30-34,Within Marriage (or Civil Partnership),384463,55.72%,138157,20.02%,0.2002237639
2007,690013,35-39,Outside Marriage Joint Registrations,259849,37.66%,29970,4.34%,0.04343396429
2007,690013,35-39,Outside Marriage Sole Registrations,45701,6.62%,4011,0.58%,0.005812933959
2007,690013,35-39,Within Marriage (or Civil Partnership),384463,55.72%,81399,11.80%,0.1179673426
2007,690013,40-44,Outside Marriage Joint Registrations,259849,37.66%,7409,1.07%,0.01073747886
2007,690013,40-44,Outside Marriage Sole Registrations,45701,6.62%,1148,0.17%,0.00166373677
2007,690013,40-44,Within Marriage (or Civil Partnership),384463,55.72%,15484,2.24%,0.02244015692
2007,690013,45 and over,Outside Marriage Joint Registrations,259849,37.66%,350,0.05%,0.0005072368202
2007,690013,45 and over,Outside Marriage Sole Registrations,45701,6.62%,85,0.01%,0.0001231860849
2007,690013,45 and over,Within Marriage (or Civil Partnership),384463,55.72%,874,0.13%,0.001266642802
2006,669601,19 and under,Outside Marriage Joint Registrations,245921,36.73%,31931,4.77%,0.0476866074
2006,669601,19 and under,Outside Marriage Sole Registrations,45455,6.79%,10379,1.55%,0.01550027554
2006,669601,19 and under,Within Marriage (or Civil Partnership),378225,56.49%,3199,0.48%,0.004777471957
2006,669601,20-24,Outside Marriage Joint Registrations,245921,36.73%,72917,10.89%,0.1088961934
2006,669601,20-24,Outside Marriage Sole Registrations,45455,6.79%,14785,2.21%,0.0220803135
2006,669601,20-24,Within Marriage (or Civil Partnership),378225,56.49%,40126,5.99%,0.05992523906
2006,669601,25-29,Outside Marriage Joint Registrations,245921,36.73%,60125,8.98%,0.08979227928
2006,669601,25-29,Outside Marriage Sole Registrations,45455,6.79%,9169,1.37%,0.01369322925
2006,669601,25-29,Within Marriage (or Civil Partnership),378225,56.49%,103348,15.43%,0.1543426608
2006,669601,30-34,Outside Marriage Joint Registrations,245921,36.73%,45292,6.76%,0.0676402813
2006,669601,30-34,Outside Marriage Sole Registrations,45455,6.79%,6119,0.91%,0.00913827787
2006,669601,30-34,Within Marriage (or Civil Partnership),378225,56.49%,137996,20.61%,0.2060869085
2006,669601,35-39,Outside Marriage Joint Registrations,245921,36.73%,28475,4.25%,0.04252532478
2006,669601,35-39,Outside Marriage Sole Registrations,45455,6.79%,3765,0.56%,0.005622751459
2006,669601,35-39,Within Marriage (or Civil Partnership),378225,56.49%,78269,11.69%,0.116889013
2006,669601,40-44,Outside Marriage Joint Registrations,245921,36.73%,6844,1.02%,0.01022101221
2006,669601,40-44,Outside Marriage Sole Registrations,45455,6.79%,1157,0.17%,0.001727894672
2006,669601,40-44,Within Marriage (or Civil Partnership),378225,56.49%,14511,2.17%,0.02167111459
2006,669601,45 and over,Outside Marriage Joint Registrations,245921,36.73%,337,0.05%,0.000503284792
2006,669601,45 and over,Outside Marriage Sole Registrations,45455,6.79%,81,0.01%,0.0001209675613
2006,669601,45 and over,Within Marriage (or Civil Partnership),378225,56.49%,776,0.12%,0.001158899106
2005,645835,19 and under,Outside Marriage Joint Registrations,231335,35.82%,30424,4.71%,0.04710800746
2005,645835,19 and under,Outside Marriage Sole Registrations,45170,6.99%,10752,1.66%,0.0166482151
2005,645835,19 and under,Within Marriage (or Civil Partnership),369330,57.19%,3654,0.57%,0.005657791851
2005,645835,20-24,Outside Marriage Joint Registrations,231335,35.82%,67664,10.48%,0.1047697941
2005,645835,20-24,Outside Marriage Sole Registrations,45170,6.99%,14471,2.24%,0.02240665185
2005,645835,20-24,Within Marriage (or Civil Partnership),369330,57.19%,40010,6.20%,0.06195080787
2005,645835,25-29,Outside Marriage Joint Registrations,231335,35.82%,55485,8.59%,0.08591203636
2005,645835,25-29,Outside Marriage Sole Registrations,45170,6.99%,8906,1.38%,0.0137898999
2005,645835,25-29,Within Marriage (or Civil Partnership),369330,57.19%,99957,15.48%,0.1547717296
2005,645835,30-34,Outside Marriage Joint Registrations,231335,35.82%,44565,6.90%,0.06900369289
2005,645835,30-34,Outside Marriage Sole Registrations,45170,6.99%,6187,0.96%,0.009579846246
2005,645835,30-34,Within Marriage (or Civil Partnership),369330,57.19%,137401,21.27%,0.2127493865
2005,645835,35-39,Outside Marriage Joint Registrations,231335,35.82%,26554,4.11%,0.04111576486
2005,645835,35-39,Outside Marriage Sole Registrations,45170,6.99%,3749,0.58%,0.005804888245
2005,645835,35-39,Within Marriage (or Civil Partnership),369330,57.19%,73810,11.43%,0.1142861567
2005,645835,40-44,Outside Marriage Joint Registrations,231335,35.82%,6344,0.98%,0.009822942392
2005,645835,40-44,Outside Marriage Sole Registrations,45170,6.99%,1051,0.16%,0.001627350639
2005,645835,40-44,Within Marriage (or Civil Partnership),369330,57.19%,13760,2.13%,0.02130575147
2005,645835,45 and over,Outside Marriage Joint Registrations,231335,35.82%,299,0.05%,0.0004629665472
2005,645835,45 and over,Outside Marriage Sole Registrations,45170,6.99%,54,0.01%,0.00008361268745
2005,645835,45 and over,Within Marriage (or Civil Partnership),369330,57.19%,738,0.11%,0.001142706728
2004,639721,19 and under,Outside Marriage Joint Registrations,224352,35.07%,29870,4.67%,0.04669222989
2004,639721,19 and under,Outside Marriage Sole Registrations,45372,7.09%,11161,1.74%,0.01744666816
2004,639721,19 and under,Within Marriage (or Civil Partnership),369997,57.84%,4063,0.64%,0.006351206229
2004,639721,20-24,Outside Marriage Joint Registrations,224352,35.07%,65421,10.23%,0.1022648936
2004,639721,20-24,Outside Marriage Sole Registrations,45372,7.09%,14366,2.25%,0.0224566647
2004,639721,20-24,Within Marriage (or Civil Partnership),369997,57.84%,41285,6.45%,0.06453594614
2004,639721,25-29,Outside Marriage Joint Registrations,224352,35.07%,52658,8.23%,0.08231400876
2004,639721,25-29,Outside Marriage Sole Registrations,45372,7.09%,8787,1.37%,0.0137356754
2004,639721,25-29,Within Marriage (or Civil Partnership),369997,57.84%,98539,15.40%,0.1540343368
2004,639721,30-34,Outside Marriage Joint Registrations,224352,35.07%,44533,6.96%,0.06961315949
2004,639721,30-34,Outside Marriage Sole Registrations,45372,7.09%,6179,0.97%,0.009658898176
2004,639721,30-34,Within Marriage (or Civil Partnership),369997,57.84%,139838,21.86%,0.2185921675
2004,639721,35-39,Outside Marriage Joint Registrations,224352,35.07%,25891,4.05%,0.04047233091
2004,639721,35-39,Outside Marriage Sole Registrations,45372,7.09%,3782,0.59%,0.005911952242
2004,639721,35-39,Within Marriage (or Civil Partnership),369997,57.84%,72555,11.34%,0.1134166301
2004,639721,40-44,Outside Marriage Joint Registrations,224352,35.07%,5744,0.90%,0.008978914245
2004,639721,40-44,Outside Marriage Sole Registrations,45372,7.09%,1042,0.16%,0.00162883507
2004,639721,40-44,Within Marriage (or Civil Partnership),369997,57.84%,13098,2.05%,0.02047455062
2004,639721,45 and over,Outside Marriage Joint Registrations,224352,35.07%,235,0.04%,0.0003673476406
2004,639721,45 and over,Outside Marriage Sole Registrations,45372,7.09%,55,0.01%,0.00008597497972
2004,639721,45 and over,Within Marriage (or Civil Partnership),369997,57.84%,619,0.10%,0.0009676093172
2003,621469,19 and under,Outside Marriage Joint Registrations,212350,34.17%,28706,4.62%,0.04619055818
2003,621469,19 and under,Outside Marriage Sole Registrations,44875,7.22%,11192,1.80%,0.01800894333
2003,621469,19 and under,Within Marriage (or Civil Partnership),364244,58.61%,4338,0.70%,0.006980235539
2003,621469,20-24,Outside Marriage Joint Registrations,212350,34.17%,61301,9.86%,0.09863887016
2003,621469,20-24,Outside Marriage Sole Registrations,44875,7.22%,14434,2.32%,0.02322561544
2003,621469,20-24,Within Marriage (or Civil Partnership),364244,58.61%,40887,6.58%,0.06579089222
2003,621469,25-29,Outside Marriage Joint Registrations,212350,34.17%,49682,7.99%,0.0799428451
2003,621469,25-29,Outside Marriage Sole Registrations,44875,7.22%,8555,1.38%,0.0137657711
2003,621469,25-29,Within Marriage (or Civil Partnership),364244,58.61%,98694,15.88%,0.1588075994
2003,621469,30-34,Outside Marriage Joint Registrations,212350,34.17%,43118,6.94%,0.06938077362
2003,621469,30-34,Outside Marriage Sole Registrations,44875,7.22%,6094,0.98%,0.009805798841
2003,621469,30-34,Within Marriage (or Civil Partnership),364244,58.61%,138002,22.21%,0.2220577374
2003,621469,35-39,Outside Marriage Joint Registrations,212350,34.17%,24166,3.89%,0.03888528631
2003,621469,35-39,Outside Marriage Sole Registrations,44875,7.22%,3625,0.58%,0.005832953856
2003,621469,35-39,Within Marriage (or Civil Partnership),364244,58.61%,69595,11.20%,0.1119846686
2003,621469,40-44,Outside Marriage Joint Registrations,212350,34.17%,5165,0.83%,0.008310953563
2003,621469,40-44,Outside Marriage Sole Registrations,44875,7.22%,927,0.15%,0.001491627096
2003,621469,40-44,Within Marriage (or Civil Partnership),364244,58.61%,12113,1.95%,0.01949091588
2003,621469,45 and over,Outside Marriage Joint Registrations,212350,34.17%,212,0.03%,0.0003411272324
2003,621469,45 and over,Outside Marriage Sole Registrations,44875,7.22%,48,0.01%,0.00007723635451
2003,621469,45 and over,Within Marriage (or Civil Partnership),364244,58.61%,615,0.10%,0.0009895907921
2002,596122,19 and under,Outside Marriage Joint Registrations,198903,33.37%,27656,4.64%,0.04639318797
2002,596122,19 and under,Outside Marriage Sole Registrations,43129,7.23%,11229,1.88%,0.01883674818
2002,596122,19 and under,Within Marriage (or Civil Partnership),354090,59.40%,4582,0.77%,0.007686346084
2002,596122,20-24,Outside Marriage Joint Registrations,198903,33.37%,56648,9.50%,0.09502752792
2002,596122,20-24,Outside Marriage Sole Registrations,43129,7.23%,13599,2.28%,0.02281244443
2002,596122,20-24,Within Marriage (or Civil Partnership),354090,59.40%,40712,6.83%,0.06829474504
2002,596122,25-29,Outside Marriage Joint Registrations,198903,33.37%,47663,8.00%,0.07995510986
2002,596122,25-29,Outside Marriage Sole Registrations,43129,7.23%,8133,1.36%,0.01364318042
2002,596122,25-29,Within Marriage (or Civil Partnership),354090,59.40%,97583,16.37%,0.1636963575
2002,596122,30-34,Outside Marriage Joint Registrations,198903,33.37%,40490,6.79%,0.06792233804
2002,596122,30-34,Outside Marriage Sole Registrations,43129,7.23%,5949,1.00%,0.00997950084
2002,596122,30-34,Within Marriage (or Civil Partnership),354090,59.40%,134093,22.49%,0.2249422098
2002,596122,35-39,Outside Marriage Joint Registrations,198903,33.37%,21707,3.64%,0.03641368713
2002,596122,35-39,Outside Marriage Sole Registrations,43129,7.23%,3373,0.57%,0.005658237743
2002,596122,35-39,Within Marriage (or Civil Partnership),354090,59.40%,65369,10.97%,0.1096570836
2002,596122,40-44,Outside Marriage Joint Registrations,198903,33.37%,4522,0.76%,0.007585695546
2002,596122,40-44,Outside Marriage Sole Registrations,43129,7.23%,809,0.14%,0.001357104754
2002,596122,40-44,Within Marriage (or Civil Partnership),354090,59.40%,11110,1.86%,0.01863712462
2002,596122,45 and over,Outside Marriage Joint Registrations,198903,33.37%,217,0.04%,0.0003640194457
2002,596122,45 and over,Outside Marriage Sole Registrations,43129,7.23%,37,0.01%,0.00006206783175
2002,596122,45 and over,Within Marriage (or Civil Partnership),354090,59.40%,641,0.11%,0.001075283247
2001,594634,19 and under,Outside Marriage Joint Registrations,194342,32.68%,27880,4.69%,0.04688598365
2001,594634,19 and under,Outside Marriage Sole Registrations,43744,7.36%,11669,1.96%,0.01962383584
2001,594634,19 and under,Within Marriage (or Civil Partnership),356548,59.96%,4640,0.78%,0.00780311923
2001,594634,20-24,Outside Marriage Joint Registrations,194342,32.68%,54525,9.17%,0.09169505948
2001,594634,20-24,Outside Marriage Sole Registrations,43744,7.36%,13583,2.28%,0.02284262252
2001,594634,20-24,Within Marriage (or Civil Partnership),356548,59.96%,40736,6.85%,0.06850600537
2001,594634,25-29,Outside Marriage Joint Registrations,194342,32.68%,48213,8.11%,0.0810801266
2001,594634,25-29,Outside Marriage Sole Registrations,43744,7.36%,8582,1.44%,0.01443240716
2001,594634,25-29,Within Marriage (or Civil Partnership),356548,59.96%,103131,17.34%,0.1734360968
2001,594634,30-34,Outside Marriage Joint Registrations,194342,32.68%,39335,6.61%,0.06614993425
2001,594634,30-34,Outside Marriage Sole Registrations,43744,7.36%,5875,0.99%,0.009880027042
2001,594634,30-34,Within Marriage (or Civil Partnership),356548,59.96%,133710,22.49%,0.2248610069
2001,594634,35-39,Outside Marriage Joint Registrations,194342,32.68%,20080,3.38%,0.03376867115
2001,594634,35-39,Outside Marriage Sole Registrations,43744,7.36%,3213,0.54%,0.005403323725
2001,594634,35-39,Within Marriage (or Civil Partnership),356548,59.96%,63202,10.63%,0.1062872288
2001,594634,40-44,Outside Marriage Joint Registrations,194342,32.68%,4141,0.70%,0.006963947571
2001,594634,40-44,Outside Marriage Sole Registrations,43744,7.36%,776,0.13%,0.001305004423
2001,594634,40-44,Within Marriage (or Civil Partnership),356548,59.96%,10582,1.78%,0.01779582062
2001,594634,45 and over,Outside Marriage Joint Registrations,194342,32.68%,168,0.03%,0.0002825267307
2001,594634,45 and over,Outside Marriage Sole Registrations,43744,7.36%,46,0.01%,0.0000773585096
2001,594634,45 and over,Within Marriage (or Civil Partnership),356548,59.96%,547,0.09%,0.0009198935816
2000,604441,19 and under,Outside Marriage Joint Registrations,192832,31.90%,28645,4.74%,0.04739089506
2000,604441,19 and under,Outside Marriage Sole Registrations,45773,7.57%,12459,2.06%,0.02061243364
2000,604441,19 and under,Within Marriage (or Civil Partnership),365836,60.52%,4742,0.78%,0.007845265295
2000,604441,20-24,Outside Marriage Joint Registrations,192832,31.90%,53560,8.86%,0.08861079907
2000,604441,20-24,Outside Marriage Sole Registrations,45773,7.57%,13919,2.30%,0.02302788858
2000,604441,20-24,Within Marriage (or Civil Partnership),365836,60.52%,40262,6.66%,0.06661030605
2000,604441,25-29,Outside Marriage Joint Registrations,192832,31.90%,49882,8.25%,0.08252583792
2000,604441,25-29,Outside Marriage Sole Registrations,45773,7.57%,9213,1.52%,0.01524218245
2000,604441,25-29,Within Marriage (or Civil Partnership),365836,60.52%,111606,18.46%,0.1846433316
2000,604441,30-34,Outside Marriage Joint Registrations,192832,31.90%,37832,6.26%,0.06259006255
2000,604441,30-34,Outside Marriage Sole Registrations,45773,7.57%,6116,1.01%,0.01011844001
2000,604441,30-34,Within Marriage (or Civil Partnership),365836,60.52%,136165,22.53%,0.2252742617
2000,604441,35-39,Outside Marriage Joint Registrations,192832,31.90%,18994,3.14%,0.03142407613
2000,604441,35-39,Outside Marriage Sole Registrations,45773,7.57%,3309,0.55%,0.005474479726
2000,604441,35-39,Within Marriage (or Civil Partnership),365836,60.52%,62671,10.37%,0.1036842306
2000,604441,40-44,Outside Marriage Joint Registrations,192832,31.90%,3761,0.62%,0.006222278105
2000,604441,40-44,Outside Marriage Sole Registrations,45773,7.57%,732,0.12%,0.001211036313
2000,604441,40-44,Within Marriage (or Civil Partnership),365836,60.52%,9910,1.64%,0.01639531402
2000,604441,45 and over,Outside Marriage Joint Registrations,192832,31.90%,158,0.03%,0.0002613985484
2000,604441,45 and over,Outside Marriage Sole Registrations,45773,7.57%,25,0.00%,0.00004136052981
2000,604441,45 and over,Within Marriage (or Civil Partnership),365836,60.52%,480,0.08%,0.0007941221724
1999,621872,19 and under,Outside Marriage Joint Registrations,193686,31.15%,29848,4.80%,0.04799701546
1999,621872,19 and under,Outside Marriage Sole Registrations,48203,7.75%,13194,2.12%,0.02121658476
1999,621872,19 and under,Within Marriage (or Civil Partnership),379983,61.10%,5333,0.86%,0.008575719762
1999,621872,20-24,Outside Marriage Joint Registrations,193686,31.15%,53055,8.53%,0.08531498443
1999,621872,20-24,Outside Marriage Sole Registrations,48203,7.75%,14477,2.33%,0.02327971029
1999,621872,20-24,Within Marriage (or Civil Partnership),379983,61.10%,43190,6.95%,0.06945159132
1999,621872,25-29,Outside Marriage Joint Registrations,193686,31.15%,51279,8.25%,0.08245909126
1999,621872,25-29,Outside Marriage Sole Registrations,48203,7.75%,9936,1.60%,0.01597756451
1999,621872,25-29,Within Marriage (or Civil Partnership),379983,61.10%,120716,19.41%,0.1941171173
1999,621872,30-34,Outside Marriage Joint Registrations,193686,31.15%,38366,6.17%,0.06169436797
1999,621872,30-34,Outside Marriage Sole Registrations,48203,7.75%,6615,1.06%,0.01063723724
1999,621872,30-34,Within Marriage (or Civil Partnership),379983,61.10%,140330,22.57%,0.22565737
1999,621872,35-39,Outside Marriage Joint Registrations,193686,31.15%,17590,2.83%,0.02828556359
1999,621872,35-39,Outside Marriage Sole Registrations,48203,7.75%,3221,0.52%,0.005179522474
1999,621872,35-39,Within Marriage (or Civil Partnership),379983,61.10%,60470,9.72%,0.09723866005
1999,621872,40-44,Outside Marriage Joint Registrations,193686,31.15%,3420,0.55%,0.005499524018
1999,621872,40-44,Outside Marriage Sole Registrations,48203,7.75%,731,0.12%,0.001175483058
1999,621872,40-44,Within Marriage (or Civil Partnership),379983,61.10%,9466,1.52%,0.01522178197
1999,621872,45 and over,Outside Marriage Joint Registrations,193686,31.15%,128,0.02%,0.0002058301387
1999,621872,45 and over,Outside Marriage Sole Registrations,48203,7.75%,29,0.00%,0.00004663339079
1999,621872,45 and over,Within Marriage (or Civil Partnership),379983,61.10%,478,0.08%,0.0007686469241
1998,635901,19 and under,Outside Marriage Joint Registrations,190651,29.98%,29177,4.59%,0.04588292832
1998,635901,19 and under,Outside Marriage Sole Registrations,49960,7.86%,13830,2.17%,0.02174866842
1998,635901,19 and under,Within Marriage (or Civil Partnership),395290,62.16%,5278,0.83%,0.008300034125
1998,635901,20-24,Outside Marriage Joint Registrations,190651,29.98%,52975,8.33%,0.08330699276
1998,635901,20-24,Outside Marriage Sole Registrations,49960,7.86%,14838,2.33%,0.02333382083
1998,635901,20-24,Within Marriage (or Civil Partnership),395290,62.16%,45724,7.19%,0.07190427441
1998,635901,25-29,Outside Marriage Joint Registrations,190651,29.98%,51725,8.13%,0.08134127797
1998,635901,25-29,Outside Marriage Sole Registrations,49960,7.86%,10672,1.68%,0.01678248658
1998,635901,25-29,Within Marriage (or Civil Partnership),395290,62.16%,130747,20.56%,0.2056090492
1998,635901,30-34,Outside Marriage Joint Registrations,190651,29.98%,37132,5.84%,0.05839273723
1998,635901,30-34,Outside Marriage Sole Registrations,49960,7.86%,6768,1.06%,0.01064316615
1998,635901,30-34,Within Marriage (or Civil Partnership),395290,62.16%,144599,22.74%,0.2273923142
1998,635901,35-39,Outside Marriage Joint Registrations,190651,29.98%,16410,2.58%,0.02580590375
1998,635901,35-39,Outside Marriage Sole Registrations,49960,7.86%,3151,0.50%,0.00495517384
1998,635901,35-39,Within Marriage (or Civil Partnership),395290,62.16%,59320,9.33%,0.09328496102
1998,635901,40-44,Outside Marriage Joint Registrations,190651,29.98%,3118,0.49%,0.00490327897
1998,635901,40-44,Outside Marriage Sole Registrations,49960,7.86%,673,0.11%,0.001058340842
1998,635901,40-44,Within Marriage (or Civil Partnership),395290,62.16%,9189,1.45%,0.01445036256
1998,635901,45 and over,Outside Marriage Joint Registrations,190651,29.98%,114,0.02%,0.0001792731888
1998,635901,45 and over,Outside Marriage Sole Registrations,49960,7.86%,28,0.00%,0.00004403201127
1998,635901,45 and over,Within Marriage (or Civil Partnership),395290,62.16%,433,0.07%,0.0006809236029
1997,643095,19 and under,Outside Marriage Joint Registrations,187640,29.18%,27916,4.34%,0.04340882762
1997,643095,19 and under,Outside Marriage Sole Registrations,50582,7.87%,13223,2.06%,0.02056150335
1997,643095,19 and under,Within Marriage (or Civil Partnership),404873,62.96%,5233,0.81%,0.008137211454
1997,643095,20-24,Outside Marriage Joint Registrations,187640,29.18%,53931,8.39%,0.08386163786
1997,643095,20-24,Outside Marriage Sole Registrations,50582,7.87%,15590,2.42%,0.02424214152
1997,643095,20-24,Within Marriage (or Civil Partnership),404873,62.96%,49068,7.63%,0.07629976909
1997,643095,25-29,Outside Marriage Joint Registrations,187640,29.18%,52394,8.15%,0.08147163327
1997,643095,25-29,Outside Marriage Sole Registrations,50582,7.87%,11015,1.71%,0.01712810704
1997,643095,25-29,Within Marriage (or Civil Partnership),404873,62.96%,139383,21.67%,0.216737807
1997,643095,30-34,Outside Marriage Joint Registrations,187640,29.18%,35238,5.48%,0.05479439274
1997,643095,30-34,Outside Marriage Sole Registrations,50582,7.87%,6997,1.09%,0.01088019655
1997,643095,30-34,Within Marriage (or Civil Partnership),404873,62.96%,145293,22.59%,0.2259277401
1997,643095,35-39,Outside Marriage Joint Registrations,187640,29.18%,15179,2.36%,0.02360304465
1997,643095,35-39,Outside Marriage Sole Registrations,50582,7.87%,3050,0.47%,0.004742689649
1997,643095,35-39,Within Marriage (or Civil Partnership),404873,62.96%,56671,8.81%,0.08812228364
1997,643095,40-44,Outside Marriage Joint Registrations,187640,29.18%,2860,0.44%,0.004447243409
1997,643095,40-44,Outside Marriage Sole Registrations,50582,7.87%,675,0.10%,0.001049611644
1997,643095,40-44,Within Marriage (or Civil Partnership),404873,62.96%,8797,1.37%,0.01367916093
1997,643095,45 and over,Outside Marriage Joint Registrations,187640,29.18%,122,0.02%,0.000189707586
1997,643095,45 and over,Outside Marriage Sole Registrations,50582,7.87%,32,0.00%,0.00004975936681
1997,643095,45 and over,Within Marriage (or Civil Partnership),404873,62.96%,428,0.07%,0.0006655315311
1996,649485,19 and under,Outside Marriage Joint Registrations,181647,27.97%,26356,4.06%,0.04057984403
1996,649485,19 and under,Outside Marriage Sole Registrations,51016,7.85%,12946,1.99%,0.01993271592
1996,649485,19 and under,Within Marriage (or Civil Partnership),416822,64.18%,5365,0.83%,0.008260390925
1996,649485,20-24,Outside Marriage Joint Registrations,181647,27.97%,54836,8.44%,0.08442997144
1996,649485,20-24,Outside Marriage Sole Registrations,51016,7.85%,16245,2.50%,0.02501212499
1996,649485,20-24,Within Marriage (or Civil Partnership),416822,64.18%,54651,8.41%,0.08414513037
1996,649485,25-29,Outside Marriage Joint Registrations,181647,27.97%,50983,7.85%,0.07849757885
1996,649485,25-29,Outside Marriage Sole Registrations,51016,7.85%,11350,1.75%,0.01747538434
1996,649485,25-29,Within Marriage (or Civil Partnership),416822,64.18%,148770,22.91%,0.2290584078
1996,649485,30-34,Outside Marriage Joint Registrations,181647,27.97%,33501,5.16%,0.05158086792
1996,649485,30-34,Outside Marriage Sole Registrations,51016,7.85%,6978,1.07%,0.01074389709
1996,649485,30-34,Within Marriage (or Civil Partnership),416822,64.18%,145898,22.46%,0.2246364427
1996,649485,35-39,Outside Marriage Joint Registrations,181647,27.97%,13347,2.06%,0.02055012818
1996,649485,35-39,Outside Marriage Sole Registrations,51016,7.85%,2891,0.45%,0.004451219043
1996,649485,35-39,Within Marriage (or Civil Partnership),416822,64.18%,53265,8.20%,0.0820111319
1996,649485,40-44,Outside Marriage Joint Registrations,181647,27.97%,2517,0.39%,0.003875378184
1996,649485,40-44,Outside Marriage Sole Registrations,51016,7.85%,578,0.09%,0.0008899358723
1996,649485,40-44,Within Marriage (or Civil Partnership),416822,64.18%,8421,1.30%,0.01296565741
1996,649485,45 and over,Outside Marriage Joint Registrations,181647,27.97%,107,0.02%,0.0001647459141
1996,649485,45 and over,Outside Marriage Sole Registrations,51016,7.85%,28,0.00%,0.00004311108032
1996,649485,45 and over,Within Marriage (or Civil Partnership),416822,64.18%,452,0.07%,0.0006959360108
1995,648138,19 and under,Outside Marriage Joint Registrations,172033,26.54%,24435,3.77%,0.03770030456
1995,648138,19 and under,Outside Marriage Sole Registrations,47916,7.39%,11880,1.83%,0.01832942984
1995,648138,19 and under,Within Marriage (or Civil Partnership),428189,66.06%,5623,0.87%,0.00867562155
1995,648138,20-24,Outside Marriage Joint Registrations,172033,26.54%,54089,8.35%,0.08345290663
1995,648138,20-24,Outside Marriage Sole Registrations,47916,7.39%,15626,2.41%,0.02410906319
1995,648138,20-24,Within Marriage (or Civil Partnership),428189,66.06%,61029,9.42%,0.09416050286
1995,648138,25-29,Outside Marriage Joint Registrations,172033,26.54%,48699,7.51%,0.07513677643
1995,648138,25-29,Outside Marriage Sole Registrations,47916,7.39%,10864,1.68%,0.01676186244
1995,648138,25-29,Within Marriage (or Civil Partnership),428189,66.06%,157855,24.36%,0.2435515276
1995,648138,30-34,Outside Marriage Joint Registrations,172033,26.54%,30517,4.71%,0.04708410863
1995,648138,30-34,Outside Marriage Sole Registrations,47916,7.39%,6485,1.00%,0.01000558523
1995,648138,30-34,Within Marriage (or Civil Partnership),428189,66.06%,144200,22.25%,0.2224834835
1995,648138,35-39,Outside Marriage Joint Registrations,172033,26.54%,11859,1.83%,0.01829702934
1995,648138,35-39,Outside Marriage Sole Registrations,47916,7.39%,2529,0.39%,0.003901946808
1995,648138,35-39,Within Marriage (or Civil Partnership),428189,66.06%,51129,7.89%,0.07888597799
1995,648138,40-44,Outside Marriage Joint Registrations,172033,26.54%,2335,0.36%,0.003602627835
1995,648138,40-44,Outside Marriage Sole Registrations,47916,7.39%,500,0.08%,0.00077144065
1995,648138,40-44,Within Marriage (or Civil Partnership),428189,66.06%,7944,1.23%,0.01225664905
1995,648138,45 and over,Outside Marriage Joint Registrations,172033,26.54%,99,0.02%,0.0001527452487
1995,648138,45 and over,Outside Marriage Sole Registrations,47916,7.39%,32,0.00%,0.0000493722016
1995,648138,45 and over,Within Marriage (or Civil Partnership),428189,66.06%,409,0.06%,0.0006310384517
1994,664726,19 and under,Outside Marriage Joint Registrations,166506,25.05%,23920,3.60%,0.03598475161
1994,664726,19 and under,Outside Marriage Sole Registrations,49030,7.38%,12007,1.81%,0.01806308163
1994,664726,19 and under,Within Marriage (or Civil Partnership),449190,67.58%,6099,0.92%,0.009175209033
1994,664726,20-24,Outside Marriage Joint Registrations,166506,25.05%,54605,8.21%,0.08214662884
1994,664726,20-24,Outside Marriage Sole Registrations,49030,7.38%,16408,2.47%,0.0246838547
1994,664726,20-24,Within Marriage (or Civil Partnership),449190,67.58%,69227,10.41%,0.1041436622
1994,664726,25-29,Outside Marriage Joint Registrations,166506,25.05%,47107,7.09%,0.07086679324
1994,664726,25-29,Outside Marriage Sole Registrations,49030,7.38%,11390,1.71%,0.01713487963
1994,664726,25-29,Within Marriage (or Civil Partnership),449190,67.58%,170605,25.67%,0.2566546216
1994,664726,30-34,Outside Marriage Joint Registrations,166506,25.05%,27801,4.18%,0.04182324747
1994,664726,30-34,Outside Marriage Sole Registrations,49030,7.38%,6204,0.93%,0.009333168855
1994,664726,30-34,Within Marriage (or Civil Partnership),449190,67.58%,145563,21.90%,0.2189819565
1994,664726,35-39,Outside Marriage Joint Registrations,166506,25.05%,10892,1.64%,0.01638569877
1994,664726,35-39,Outside Marriage Sole Registrations,49030,7.38%,2501,0.38%,0.003762452499
1994,664726,35-39,Within Marriage (or Civil Partnership),449190,67.58%,49668,7.47%,0.07471950849
1994,664726,40-44,Outside Marriage Joint Registrations,166506,25.05%,2084,0.31%,0.003135126353
1994,664726,40-44,Outside Marriage Sole Registrations,49030,7.38%,495,0.07%,0.0007446677278
1994,664726,40-44,Within Marriage (or Civil Partnership),449190,67.58%,7662,1.15%,0.0115265538
1994,664726,45 and over,Outside Marriage Joint Registrations,166506,25.05%,97,0.01%,0.0001459247871
1994,664726,45 and over,Outside Marriage Sole Registrations,49030,7.38%,25,0.00%,0.0000376094812
1994,664726,45 and over,Within Marriage (or Civil Partnership),449190,67.58%,366,0.06%,0.0005506028048
1993,673467,19 and under,Outside Marriage Joint Registrations,166306,24.69%,25711,3.82%,0.03817707475
1993,673467,19 and under,Outside Marriage Sole Registrations,50242,7.46%,12535,1.86%,0.01861264175
1993,673467,19 and under,Within Marriage (or Civil Partnership),456919,67.85%,6875,1.02%,0.01020836953
1993,673467,20-24,Outside Marriage Joint Registrations,166306,24.69%,57549,8.55%,0.08545184842
1993,673467,20-24,Outside Marriage Sole Registrations,50242,7.46%,17476,2.59%,0.02594930412
1993,673467,20-24,Within Marriage (or Civil Partnership),456919,67.85%,76950,11.43%,0.114259496
1993,673467,25-29,Outside Marriage Joint Registrations,166306,24.69%,46087,6.84%,0.06843245475
1993,673467,25-29,Outside Marriage Sole Registrations,50242,7.46%,11418,1.70%,0.01695406011
1993,673467,25-29,Within Marriage (or Civil Partnership),456919,67.85%,178456,26.50%,0.2649810607
1993,673467,30-34,Outside Marriage Joint Registrations,166306,24.69%,25423,3.77%,0.03774943687
1993,673467,30-34,Outside Marriage Sole Registrations,50242,7.46%,5967,0.89%,0.008860122322
1993,673467,30-34,Within Marriage (or Civil Partnership),456919,67.85%,139671,20.74%,0.207391008
1993,673467,35-39,Outside Marriage Joint Registrations,166306,24.69%,9569,1.42%,0.01420856553
1993,673467,35-39,Outside Marriage Sole Registrations,50242,7.46%,2336,0.35%,0.003468618358
1993,673467,35-39,Within Marriage (or Civil Partnership),456919,67.85%,46919,6.97%,0.06966785306
1993,673467,40-44,Outside Marriage Joint Registrations,166306,24.69%,1882,0.28%,0.002794494756
1993,673467,40-44,Outside Marriage Sole Registrations,50242,7.46%,483,0.07%,0.0007171843609
1993,673467,40-44,Within Marriage (or Civil Partnership),456919,67.85%,7621,1.13%,0.01131607042
1993,673467,45 and over,Outside Marriage Joint Registrations,166306,24.69%,85,0.01%,0.0001262125687
1993,673467,45 and over,Outside Marriage Sole Registrations,50242,7.46%,27,0.00%,0.00004009105123
1993,673467,45 and over,Within Marriage (or Civil Partnership),456919,67.85%,427,0.06%,0.000634032551
1992,689656,19 and under,Outside Marriage Joint Registrations,163753,23.74%,26617,3.86%,0.03859460369
1992,689656,19 and under,Outside Marriage Sole Registrations,51472,7.46%,13457,1.95%,0.01951262658
1992,689656,19 and under,Within Marriage (or Civil Partnership),474431,68.79%,7787,1.13%,0.01129113645
1992,689656,20-24,Outside Marriage Joint Registrations,163753,23.74%,58721,8.51%,0.08514534783
1992,689656,20-24,Outside Marriage Sole Registrations,51472,7.46%,18370,2.66%,0.02663646804
1992,689656,20-24,Within Marriage (or Civil Partnership),474431,68.79%,86220,12.50%,0.12501885
1992,689656,25-29,Outside Marriage Joint Registrations,163753,23.74%,44449,6.45%,0.06445097266
1992,689656,25-29,Outside Marriage Sole Registrations,51472,7.46%,11421,1.66%,0.01656043013
1992,689656,25-29,Within Marriage (or Civil Partnership),474431,68.79%,188928,27.39%,0.2739452713
1992,689656,30-34,Outside Marriage Joint Registrations,163753,23.74%,23293,3.38%,0.03377480947
1992,689656,30-34,Outside Marriage Sole Registrations,51472,7.46%,5642,0.82%,0.008180890183
1992,689656,30-34,Within Marriage (or Civil Partnership),474431,68.79%,137904,20.00%,0.19996056
1992,689656,35-39,Outside Marriage Joint Registrations,163753,23.74%,8784,1.27%,0.01273678472
1992,689656,35-39,Outside Marriage Sole Registrations,51472,7.46%,2133,0.31%,0.003092846289
1992,689656,35-39,Within Marriage (or Civil Partnership),474431,68.79%,45733,6.63%,0.06631277042
1992,689656,40-44,Outside Marriage Joint Registrations,163753,23.74%,1811,0.26%,0.002625946849
1992,689656,40-44,Outside Marriage Sole Registrations,51472,7.46%,429,0.06%,0.0006220492535
1992,689656,40-44,Within Marriage (or Civil Partnership),474431,68.79%,7456,1.08%,0.01081118703
1992,689656,45 and over,Outside Marriage Joint Registrations,163753,23.74%,78,0.01%,0.0001130998643
1992,689656,45 and over,Outside Marriage Sole Registrations,51472,7.46%,20,0.00%,0.0000289999652
1992,689656,45 and over,Within Marriage (or Civil Partnership),474431,68.79%,403,0.06%,0.0005843492988
1991,699217,19 and under,Outside Marriage Joint Registrations,157163,22.48%,28199,4.03%,0.04032939703
1991,699217,19 and under,Outside Marriage Sole Registrations,54131,7.74%,15249,2.18%,0.02180868028
1991,699217,19 and under,Within Marriage (or Civil Partnership),487923,69.78%,8948,1.28%,0.01279717169
1991,699217,20-24,Outside Marriage Joint Registrations,157163,22.48%,58080,8.31%,0.08306434197
1991,699217,20-24,Outside Marriage Sole Registrations,54131,7.74%,19671,2.81%,0.02813289723
1991,699217,20-24,Within Marriage (or Civil Partnership),487923,69.78%,95605,13.67%,0.1367315154
1991,699217,25-29,Outside Marriage Joint Registrations,157163,22.48%,41050,5.87%,0.05870852682
1991,699217,25-29,Outside Marriage Sole Registrations,54131,7.74%,11396,1.63%,0.01629823074
1991,699217,25-29,Within Marriage (or Civil Partnership),487923,69.78%,196281,28.07%,0.2807154288
1991,699217,30-34,Outside Marriage Joint Registrations,157163,22.48%,20319,2.91%,0.02905964815
1991,699217,30-34,Outside Marriage Sole Registrations,54131,7.74%,5398,0.77%,0.007720064014
1991,699217,30-34,Within Marriage (or Civil Partnership),487923,69.78%,135542,19.38%,0.1938482617
1991,699217,35-39,Outside Marriage Joint Registrations,157163,22.48%,7861,1.12%,0.01124257562
1991,699217,35-39,Outside Marriage Sole Registrations,54131,7.74%,1973,0.28%,0.002821727733
1991,699217,35-39,Within Marriage (or Civil Partnership),487923,69.78%,43810,6.27%,0.06265579927
1991,699217,40-44,Outside Marriage Joint Registrations,157163,22.48%,1594,0.23%,0.002279692856
1991,699217,40-44,Outside Marriage Sole Registrations,54131,7.74%,428,0.06%,0.0006121132638
1991,699217,40-44,Within Marriage (or Civil Partnership),487923,69.78%,7294,1.04%,0.01043166857
1991,699217,45 and over,Outside Marriage Joint Registrations,157163,22.48%,60,0.01%,0.00008581027063
1991,699217,45 and over,Outside Marriage Sole Registrations,54131,7.74%,16,0.00%,0.00002288273884
1991,699217,45 and over,Within Marriage (or Civil Partnership),487923,69.78%,443,0.06%,0.0006335658315
1990,706140,19 and under,Outside Marriage Joint Registrations,145168,20.56%,28392,4.02%,0.04020732433
1990,706140,19 and under,Outside Marriage Sole Registrations,54831,7.76%,16191,2.29%,0.02292888096
1990,706140,19 and under,Within Marriage (or Civil Partnership),506141,71.68%,10958,1.55%,0.0155181692
1990,706140,20-24,Outside Marriage Joint Registrations,145168,20.56%,53813,7.62%,0.07620726768
1990,706140,20-24,Outside Marriage Sole Registrations,54831,7.76%,20135,2.85%,0.02851417566
1990,706140,20-24,Within Marriage (or Civil Partnership),506141,71.68%,106188,15.04%,0.150378112
1990,706140,25-29,Outside Marriage Joint Registrations,145168,20.56%,36736,5.20%,0.05202367802
1990,706140,25-29,Outside Marriage Sole Registrations,54831,7.76%,11140,1.58%,0.01577590846
1990,706140,25-29,Within Marriage (or Civil Partnership),506141,71.68%,204701,28.99%,0.2898872745
1990,706140,30-34,Outside Marriage Joint Registrations,145168,20.56%,17874,2.53%,0.02531226102
1990,706140,30-34,Outside Marriage Sole Registrations,54831,7.76%,5006,0.71%,0.007089245759
1990,706140,30-34,Within Marriage (or Civil Partnership),506141,71.68%,133384,18.89%,0.1888917212
1990,706140,35-39,Outside Marriage Joint Registrations,145168,20.56%,6793,0.96%,0.009619905401
1990,706140,35-39,Outside Marriage Sole Registrations,54831,7.76%,1933,0.27%,0.002737417509
1990,706140,35-39,Within Marriage (or Civil Partnership),506141,71.68%,43179,6.11%,0.06114793101
1990,706140,40-44,Outside Marriage Joint Registrations,145168,20.56%,1505,0.21%,0.002131305407
1990,706140,40-44,Outside Marriage Sole Registrations,54831,7.76%,413,0.06%,0.0005848698558
1990,706140,40-44,Within Marriage (or Civil Partnership),506141,71.68%,7302,1.03%,0.01034072564
1990,706140,45 and over,Outside Marriage Joint Registrations,145168,20.56%,55,0.01%,0.00007788823746
1990,706140,45 and over,Outside Marriage Sole Registrations,54831,7.76%,13,0.00%,0.00001840994704
1990,706140,45 and over,Within Marriage (or Civil Partnership),506141,71.68%,429,0.06%,0.0006075282522
1989,687725,19 and under,Outside Marriage Joint Registrations,132267,19.23%,27374,3.98%,0.03980370061
1989,687725,19 and under,Outside Marriage Sole Registrations,53537,7.78%,16142,2.35%,0.02347159112
1989,687725,19 and under,Within Marriage (or Civil Partnership),501921,72.98%,12027,1.75%,0.01748809481
1989,687725,20-24,Outside Marriage Joint Registrations,132267,19.23%,50604,7.36%,0.07358173689
1989,687725,20-24,Outside Marriage Sole Registrations,53537,7.78%,20179,2.93%,0.02934167
1989,687725,20-24,Within Marriage (or Civil Partnership),501921,72.98%,114456,16.64%,0.1664269875
1989,687725,25-29,Outside Marriage Joint Registrations,132267,19.23%,31462,4.57%,0.04574793704
1989,687725,25-29,Outside Marriage Sole Registrations,53537,7.78%,10399,1.51%,0.01512086953
1989,687725,25-29,Within Marriage (or Civil Partnership),501921,72.98%,200961,29.22%,0.2922112763
1989,687725,30-34,Outside Marriage Joint Registrations,132267,19.23%,15281,2.22%,0.02221963721
1989,687725,30-34,Outside Marriage Sole Registrations,53537,7.78%,4600,0.67%,0.006688720055
1989,687725,30-34,Within Marriage (or Civil Partnership),501921,72.98%,125439,18.24%,0.1823970337
1989,687725,35-39,Outside Marriage Joint Registrations,132267,19.23%,6156,0.90%,0.008951252317
1989,687725,35-39,Outside Marriage Sole Registrations,53537,7.78%,1781,0.26%,0.002589697917
1989,687725,35-39,Within Marriage (or Civil Partnership),501921,72.98%,41528,6.04%,0.0603846014
1989,687725,40-44,Outside Marriage Joint Registrations,132267,19.23%,1341,0.19%,0.001949907303
1989,687725,40-44,Outside Marriage Sole Registrations,53537,7.78%,425,0.06%,0.0006179795703
1989,687725,40-44,Within Marriage (or Civil Partnership),501921,72.98%,7079,1.03%,0.01029335854
1989,687725,45 and over,Outside Marriage Joint Registrations,132267,19.23%,49,0.01%,0.00007124940928
1989,687725,45 and over,Outside Marriage Sole Registrations,53537,7.78%,11,0.00%,0.00001599476535
1989,687725,45 and over,Within Marriage (or Civil Partnership),501921,72.98%,431,0.06%,0.0006267039878
1988,693577,19 and under,Outside Marriage Joint Registrations,123408,17.79%,27544,3.97%,0.03971296626
1988,693577,19 and under,Outside Marriage Sole Registrations,53944,7.78%,17098,2.47%,0.0246519132
1988,693577,19 and under,Within Marriage (or Civil Partnership),516225,74.43%,14099,2.03%,0.02032795205
1988,693577,20-24,Outside Marriage Joint Registrations,123408,17.79%,47801,6.89%,0.06891952876
1988,693577,20-24,Outside Marriage Sole Registrations,53944,7.78%,20350,2.93%,0.02934064999
1988,693577,20-24,Within Marriage (or Civil Partnership),516225,74.43%,125575,18.11%,0.1810541584
1988,693577,25-29,Outside Marriage Joint Registrations,123408,17.79%,27983,4.03%,0.04034591689
1988,693577,25-29,Outside Marriage Sole Registrations,53944,7.78%,10185,1.47%,0.01468474301
1988,693577,25-29,Within Marriage (or Civil Partnership),516225,74.43%,205292,29.60%,0.2959902073
1988,693577,30-34,Outside Marriage Joint Registrations,123408,17.79%,13270,1.91%,0.01913269904
1988,693577,30-34,Outside Marriage Sole Registrations,53944,7.78%,4320,0.62%,0.006228580244
1988,693577,30-34,Within Marriage (or Civil Partnership),516225,74.43%,123384,17.79%,0.1778951724
1988,693577,35-39,Outside Marriage Joint Registrations,123408,17.79%,5607,0.81%,0.008084178109
1988,693577,35-39,Outside Marriage Sole Registrations,53944,7.78%,1642,0.24%,0.002367437213
1988,693577,35-39,Within Marriage (or Civil Partnership),516225,74.43%,40400,5.82%,0.05824875969
1988,693577,40-44,Outside Marriage Joint Registrations,123408,17.79%,1159,0.17%,0.001671047339
1988,693577,40-44,Outside Marriage Sole Registrations,53944,7.78%,336,0.05%,0.0004844451301
1988,693577,40-44,Within Marriage (or Civil Partnership),516225,74.43%,7025,1.01%,0.0101286519
1988,693577,45 and over,Outside Marriage Joint Registrations,123408,17.79%,44,0.01%,0.00006343924323
1988,693577,45 and over,Outside Marriage Sole Registrations,53944,7.78%,13,0.00%,0.00001874341277
1988,693577,45 and over,Within Marriage (or Civil Partnership),516225,74.43%,450,0.06%,0.0006488104421
1987,681511,19 and under,Outside Marriage Joint Registrations,107957,15.84%,25170,3.69%,0.03693263939
1987,681511,19 and under,Outside Marriage Sole Registrations,50474,7.41%,16787,2.46%,0.02463203088
1987,681511,19 and under,Within Marriage (or Civil Partnership),523080,76.75%,15588,2.29%,0.02287270492
1987,681511,20-24,Outside Marriage Joint Registrations,107957,15.84%,41479,6.09%,0.06086328761
1987,681511,20-24,Outside Marriage Sole Registrations,50474,7.41%,18944,2.78%,0.02779705683
1987,681511,20-24,Within Marriage (or Civil Partnership),523080,76.75%,132809,19.49%,0.1948743307
1987,681511,25-29,Outside Marriage Joint Registrations,107957,15.84%,23984,3.52%,0.03519238868
1987,681511,25-29,Outside Marriage Sole Registrations,50474,7.41%,8909,1.31%,0.0130724229
1987,681511,25-29,Within Marriage (or Civil Partnership),523080,76.75%,206036,30.23%,0.3023223396
1987,681511,30-34,Outside Marriage Joint Registrations,107957,15.84%,11431,1.68%,0.01677302347
1987,681511,30-34,Outside Marriage Sole Registrations,50474,7.41%,3875,0.57%,0.005685895019
1987,681511,30-34,Within Marriage (or Civil Partnership),523080,76.75%,121252,17.79%,0.1779164239
1987,681511,35-39,Outside Marriage Joint Registrations,107957,15.84%,4836,0.71%,0.007095996983
1987,681511,35-39,Outside Marriage Sole Registrations,50474,7.41%,1609,0.24%,0.002360930344
1987,681511,35-39,Within Marriage (or Civil Partnership),523080,76.75%,40159,5.89%,0.05892641498
1987,681511,40-44,Outside Marriage Joint Registrations,107957,15.84%,1026,0.15%,0.001505478268
1987,681511,40-44,Outside Marriage Sole Registrations,50474,7.41%,335,0.05%,0.0004915547952
1987,681511,40-44,Within Marriage (or Civil Partnership),523080,76.75%,6751,0.99%,0.009905929618
1987,681511,45 and over,Outside Marriage Joint Registrations,107957,15.84%,31,0.00%,0.00004548716015
1987,681511,45 and over,Outside Marriage Sole Registrations,50474,7.41%,15,0.00%,0.0000220099162
1987,681511,45 and over,Within Marriage (or Civil Partnership),523080,76.75%,485,0.07%,0.0007116539572
1986,661018,19 and under,Outside Marriage Joint Registrations,93523,14.15%,23234,3.51%,0.03514881592
1986,661018,19 and under,Outside Marriage Sole Registrations,93523,14.15%,16379,2.48%,0.02477844779
1986,661018,19 and under,Within Marriage (or Civil Partnership),519673,78.62%,17793,2.69%,0.02691757259
1986,661018,20-24,Outside Marriage Joint Registrations,93523,14.15%,36157,5.47%,0.05469896432
1986,661018,20-24,Outside Marriage Sole Registrations,47822,7.23%,17922,2.71%,0.02711272613
1986,661018,20-24,Within Marriage (or Civil Partnership),519673,78.62%,137985,20.87%,0.2087462066
1986,661018,25-29,Outside Marriage Joint Registrations,93523,14.15%,19466,2.94%,0.02944851729
1986,661018,25-29,Outside Marriage Sole Registrations,47822,7.23%,8246,1.25%,0.01247469812
1986,661018,25-29,Within Marriage (or Civil Partnership),519673,78.62%,201323,30.46%,0.3045650799
1986,661018,30-34,Outside Marriage Joint Registrations,93523,14.15%,9639,1.46%,0.01458205374
1986,661018,30-34,Outside Marriage Sole Registrations,47822,7.23%,3479,0.53%,0.005263094197
1986,661018,30-34,Within Marriage (or Civil Partnership),519673,78.62%,116369,17.60%,0.1760451304
1986,661018,35-39,Outside Marriage Joint Registrations,93523,14.15%,4233,0.64%,0.00640375905
1986,661018,35-39,Outside Marriage Sole Registrations,47822,7.23%,1479,0.22%,0.002237457981
1986,661018,35-39,Within Marriage (or Civil Partnership),519673,78.62%,39753,6.01%,0.06013905824
1986,661018,40-44,Outside Marriage Joint Registrations,93523,14.15%,768,0.12%,0.001161844307
1986,661018,40-44,Outside Marriage Sole Registrations,47822,7.23%,306,0.05%,0.000462922341
1986,661018,40-44,Within Marriage (or Civil Partnership),519673,78.62%,5959,0.90%,0.009014883105
1986,661018,45 and over,Outside Marriage Joint Registrations,93523,14.15%,26,0.00%,0.0000393332708
1986,661018,45 and over,Outside Marriage Sole Registrations,47822,7.23%,11,0.00%,0.00001664099919
1986,661018,45 and over,Within Marriage (or Civil Partnership),519673,78.62%,491,0.07%,0.0007427936909
1985,656417,19 and under,Outside Marriage Joint Registrations,81792,12.46%,21000,3.20%,0.03199185883
1985,656417,19 and under,Outside Marriage Sole Registrations,44458,6.77%,15872,2.42%,0.02417975159
1985,656417,19 and under,Within Marriage (or Civil Partnership),530167,80.77%,20057,3.06%,0.03055527203
1985,656417,20-24,Outside Marriage Joint Registrations,81792,12.46%,31256,4.76%,0.04761607332
1985,656417,20-24,Outside Marriage Sole Registrations,44458,6.77%,16440,2.50%,0.0250450552
1985,656417,20-24,Within Marriage (or Civil Partnership),530167,80.77%,146262,22.28%,0.2228187265
1985,656417,25-29,Outside Marriage Joint Registrations,81792,12.46%,16856,2.57%,0.02567879869
1985,656417,25-29,Outside Marriage Sole Registrations,44458,6.77%,7358,1.12%,0.01120933797
1985,656417,25-29,Within Marriage (or Civil Partnership),530167,80.77%,203272,30.97%,0.3096690061
1985,656417,30-34,Outside Marriage Joint Registrations,81792,12.46%,8177,1.25%,0.01245702046
1985,656417,30-34,Outside Marriage Sole Registrations,44458,6.77%,3146,0.48%,0.004792685138
1985,656417,30-34,Within Marriage (or Civil Partnership),530167,80.77%,114862,17.50%,0.1749832804
1985,656417,35-39,Outside Marriage Joint Registrations,81792,12.46%,3736,0.57%,0.005691504029
1985,656417,35-39,Outside Marriage Sole Registrations,44458,6.77%,1364,0.21%,0.002077947402
1985,656417,35-39,Within Marriage (or Civil Partnership),530167,80.77%,39293,5.99%,0.05985981472
1985,656417,40-44,Outside Marriage Joint Registrations,81792,12.46%,734,0.11%,0.001118191637
1985,656417,40-44,Outside Marriage Sole Registrations,44458,6.77%,265,0.04%,0.00040370679
1985,656417,40-44,Within Marriage (or Civil Partnership),530167,80.77%,5883,0.90%,0.008962290739
1985,656417,45 and over,Outside Marriage Joint Registrations,81792,12.46%,33,0.01%,0.00005027292102
1985,656417,45 and over,Outside Marriage Sole Registrations,44458,6.77%,13,0.00%,0.00001980448404
1985,656417,45 and over,Within Marriage (or Civil Partnership),530167,80.77%,538,0.08%,0.0008196009549
1984,636818,19 and under,Outside Marriage Joint Registrations,69872,10.97%,18207,2.86%,0.02859058632
1984,636818,19 and under,Outside Marriage Sole Registrations,40593,6.37%,14928,2.34%,0.02344154845
1984,636818,19 and under,Within Marriage (or Civil Partnership),526353,82.65%,21373,3.36%,0.03356217946
1984,636818,20-24,Outside Marriage Joint Registrations,69872,10.97%,26208,4.12%,0.0411546156
1984,636818,20-24,Outside Marriage Sole Registrations,40593,6.37%,14876,2.34%,0.02335989247
1984,636818,20-24,Within Marriage (or Civil Partnership),526353,82.65%,150371,23.61%,0.2361286898
1984,636818,25-29,Outside Marriage Joint Registrations,69872,10.97%,14247,2.24%,0.02237216913
1984,636818,25-29,Outside Marriage Sole Registrations,40593,6.37%,6383,1.00%,0.01002327196
1984,636818,25-29,Within Marriage (or Civil Partnership),526353,82.65%,197401,31.00%,0.3099802455
1984,636818,30-34,Outside Marriage Joint Registrations,69872,10.97%,7290,1.14%,0.01144754074
1984,636818,30-34,Outside Marriage Sole Registrations,40593,6.37%,2824,0.44%,0.004434548018
1984,636818,30-34,Within Marriage (or Civil Partnership),526353,82.65%,112660,17.69%,0.1769108285
1984,636818,35-39,Outside Marriage Joint Registrations,69872,10.97%,3302,0.52%,0.005185154942
1984,636818,35-39,Outside Marriage Sole Registrations,40593,6.37%,1269,0.20%,0.001992720055
1984,636818,35-39,Within Marriage (or Civil Partnership),526353,82.65%,38350,6.02%,0.06022128771
1984,636818,40-44,Outside Marriage Joint Registrations,69872,10.97%,591,0.09%,0.0009280516568
1984,636818,40-44,Outside Marriage Sole Registrations,40593,6.37%,294,0.05%,0.0004616703674
1984,636818,40-44,Within Marriage (or Civil Partnership),526353,82.65%,5691,0.89%,0.008936619254
1984,636818,45 and over,Outside Marriage Joint Registrations,69872,10.97%,27,0.00%,0.00004239829904
1984,636818,45 and over,Outside Marriage Sole Registrations,40593,6.37%,19,0.00%,0.00002983584007
1984,636818,45 and over,Within Marriage (or Civil Partnership),526353,82.65%,507,0.08%,0.0007961458376
1983,629134,19 and under,Outside Marriage Joint Registrations,60794,9.66%,16072,2.55%,0.02554622704
1983,629134,19 and under,Outside Marriage Sole Registrations,38417,6.11%,14351,2.28%,0.02281072077
1983,629134,19 and under,Within Marriage (or Civil Partnership),529923,84.23%,23636,3.76%,0.03756910293
1983,629134,20-24,Outside Marriage Joint Registrations,60794,9.66%,22550,3.58%,0.03584292059
1983,629134,20-24,Outside Marriage Sole Registrations,38417,6.11%,14093,2.24%,0.02240063325
1983,629134,20-24,Within Marriage (or Civil Partnership),529923,84.23%,155209,24.67%,0.2467026103
1983,629134,25-29,Outside Marriage Joint Registrations,60794,9.66%,12097,1.92%,0.0192280182
1983,629134,25-29,Outside Marriage Sole Registrations,38417,6.11%,5819,0.92%,0.009249221946
1983,629134,25-29,Within Marriage (or Civil Partnership),529923,84.23%,196162,31.18%,0.3117968509
1983,629134,30-34,Outside Marriage Joint Registrations,60794,9.66%,6623,1.05%,0.01052716909
1983,629134,30-34,Outside Marriage Sole Registrations,38417,6.11%,2651,0.42%,0.004213728713
1983,629134,30-34,Within Marriage (or Civil Partnership),529923,84.23%,111722,17.76%,0.1775806108
1983,629134,35-39,Outside Marriage Joint Registrations,60794,9.66%,2892,0.46%,0.004596794959
1983,629134,35-39,Outside Marriage Sole Registrations,38417,6.11%,1225,0.19%,0.001947120963
1983,629134,35-39,Within Marriage (or Civil Partnership),529923,84.23%,37160,5.91%,0.05906531836
1983,629134,40-44,Outside Marriage Joint Registrations,60794,9.66%,526,0.08%,0.0008360698993
1983,629134,40-44,Outside Marriage Sole Registrations,38417,6.11%,262,0.04%,0.0004164454631
1983,629134,40-44,Within Marriage (or Civil Partnership),529923,84.23%,5422,0.86%,0.008618195806
1983,629134,45 and over,Outside Marriage Joint Registrations,60794,9.66%,34,0.01%,0.00005404254102
1983,629134,45 and over,Outside Marriage Sole Registrations,38417,6.11%,16,0.00%,0.00002543178401
1983,629134,45 and over,Within Marriage (or Civil Partnership),529923,84.23%,612,0.10%,0.0009727657383
1982,625931,19 and under,Outside Marriage Joint Registrations,53404,8.53%,14286,2.28%,0.02282360196
1982,625931,19 and under,Outside Marriage Sole Registrations,36453,5.82%,14453,2.31%,0.02309040453
1982,625931,19 and under,Within Marriage (or Civil Partnership),536074,85.64%,26696,4.27%,0.04265006846
1982,625931,20-24,Outside Marriage Joint Registrations,53404,8.53%,19420,3.10%,0.03102578399
1982,625931,20-24,Outside Marriage Sole Registrations,36453,5.82%,12991,2.08%,0.02075468382
1982,625931,20-24,Within Marriage (or Civil Partnership),536074,85.64%,159911,25.55%,0.2554770414
1982,625931,25-29,Outside Marriage Joint Registrations,53404,8.53%,10683,1.71%,0.01706737644
1982,625931,25-29,Outside Marriage Sole Registrations,36453,5.82%,5383,0.86%,0.008599989456
1982,625931,25-29,Within Marriage (or Civil Partnership),536074,85.64%,195839,31.29%,0.3128763394
1982,625931,30-34,Outside Marriage Joint Registrations,53404,8.53%,5835,0.93%,0.009322113779
1982,625931,30-34,Outside Marriage Sole Registrations,36453,5.82%,2298,0.37%,0.003671331185
1982,625931,30-34,Within Marriage (or Civil Partnership),536074,85.64%,112625,17.99%,0.1799319733
1982,625931,35-39,Outside Marriage Joint Registrations,53404,8.53%,2596,0.41%,0.004147422
1982,625931,35-39,Outside Marriage Sole Registrations,36453,5.82%,1086,0.17%,0.001735015521
1982,625931,35-39,Within Marriage (or Civil Partnership),536074,85.64%,35310,5.64%,0.05641196873
1982,625931,40-44,Outside Marriage Joint Registrations,53404,8.53%,539,0.09%,0.0008611172797
1982,625931,40-44,Outside Marriage Sole Registrations,36453,5.82%,229,0.04%,0.0003658550224
1982,625931,40-44,Within Marriage (or Civil Partnership),536074,85.64%,5118,0.82%,0.008176620107
1982,625931,45 and over,Outside Marriage Joint Registrations,53404,8.53%,45,0.01%,0.00007189290832
1982,625931,45 and over,Outside Marriage Sole Registrations,36453,5.82%,13,0.00%,0.0000207690624
1982,625931,45 and over,Within Marriage (or Civil Partnership),536074,85.64%,575,0.09%,0.0009186316064
1981,634492,19 and under,Outside Marriage Joint Registrations,47140,7.43%,12750,2.01%,0.02009481601
1981,634492,19 and under,Outside Marriage Sole Registrations,33850,5.33%,13670,2.15%,0.02154479489
1981,634492,19 and under,Within Marriage (or Civil Partnership),553509,87.24%,30140,4.75%,0.04750256898
1981,634492,20-24,Outside Marriage Joint Registrations,47140,7.43%,16820,2.65%,0.02650939649
1981,634492,20-24,Outside Marriage Sole Registrations,33850,5.33%,12000,1.89%,0.01891276801
1981,634492,20-24,Within Marriage (or Civil Partnership),553509,87.24%,165690,26.11%,0.2611380443
1981,634492,25-29,Outside Marriage Joint Registrations,47140,7.43%,9520,1.50%,0.01500412929
1981,634492,25-29,Outside Marriage Sole Registrations,33850,5.33%,4770,0.75%,0.007517825284
1981,634492,25-29,Within Marriage (or Civil Partnership),553509,87.24%,201460,31.75%,0.3175138536
1981,634492,30-34,Outside Marriage Joint Registrations,47140,7.43%,5530,0.87%,0.008715633924
1981,634492,30-34,Outside Marriage Sole Registrations,33850,5.33%,2340,0.37%,0.003687989762
1981,634492,30-34,Within Marriage (or Civil Partnership),553509,87.24%,118720,18.71%,0.1871103182
1981,634492,35-39,Outside Marriage Joint Registrations,47140,7.43%,1940,0.31%,0.003057564162
1981,634492,35-39,Outside Marriage Sole Registrations,33850,5.33%,780,0.12%,0.001229329921
1981,634492,35-39,Within Marriage (or Civil Partnership),553509,87.24%,31480,4.96%,0.04961449475
1981,634492,40-44,Outside Marriage Joint Registrations,47140,7.43%,550,0.09%,0.0008668352004
1981,634492,40-44,Outside Marriage Sole Registrations,33850,5.33%,290,0.05%,0.0004570585602
1981,634492,40-44,Within Marriage (or Civil Partnership),553509,87.24%,5340,0.84%,0.008416181764
1981,634492,45 and over,Outside Marriage Joint Registrations,47140,7.43%,20,0.00%,0.00003152128002
1981,634492,45 and over,Outside Marriage Sole Registrations,33850,5.33%,0,0.00%,0
1981,634492,45 and over,Within Marriage (or Civil Partnership),553509,87.24%,680,0.11%,0.001071723521
1980,656234,19 and under,Outside Marriage Joint Registrations,44168,6.73%,11828,1.80%,0.01802405849
1980,656234,19 and under,Outside Marriage Sole Registrations,33204,5.06%,14032,2.14%,0.02138261657
1980,656234,19 and under,Within Marriage (or Civil Partnership),578862,88.21%,34894,5.32%,0.05317310593
1980,656234,20-24,Outside Marriage Joint Registrations,44168,6.73%,15267,2.33%,0.02326456721
1980,656234,20-24,Outside Marriage Sole Registrations,33204,5.06%,11340,1.73%,0.01728042131
1980,656234,20-24,Within Marriage (or Civil Partnership),578862,88.21%,174934,26.66%,0.2665725945
1980,656234,25-29,Outside Marriage Joint Registrations,44168,6.73%,8946,1.36%,0.01363233237
1980,656234,25-29,Outside Marriage Sole Registrations,33204,5.06%,4516,0.69%,0.006881691592
1980,656234,25-29,Within Marriage (or Civil Partnership),578862,88.21%,209976,32.00%,0.3199712298
1980,656234,30-34,Outside Marriage Joint Registrations,44168,6.73%,5412,0.82%,0.008247058214
1980,656234,30-34,Outside Marriage Sole Registrations,33204,5.06%,2176,0.33%,0.003315890368
1980,656234,30-34,Within Marriage (or Civil Partnership),578862,88.21%,122320,18.64%,0.1863969255
1980,656234,35-39,Outside Marriage Joint Registrations,44168,6.73%,2178,0.33%,0.003318938062
1980,656234,35-39,Outside Marriage Sole Registrations,33204,5.06%,869,0.13%,0.001324222762
1980,656234,35-39,Within Marriage (or Civil Partnership),578862,88.21%,30846,4.70%,0.04700457459
1980,656234,40-44,Outside Marriage Joint Registrations,44168,6.73%,507,0.08%,0.0007725902651
1980,656234,40-44,Outside Marriage Sole Registrations,33204,5.06%,254,0.04%,0.0003870570559
1980,656234,40-44,Within Marriage (or Civil Partnership),578862,88.21%,5314,0.81%,0.00809772124
1980,656234,45 and over,Outside Marriage Joint Registrations,44168,6.73%,30,0.00%,0.0000457154003
1980,656234,45 and over,Outside Marriage Sole Registrations,33204,5.06%,17,0.00%,0.0000259053935
1980,656234,45 and over,Within Marriage (or Civil Partnership),578862,88.21%,578,0.09%,0.0008807833791
1979,638028,19 and under,Outside Marriage Joint Registrations,38349,6.01%,10293,1.61%,0.01613252083
1979,638028,19 and under,Outside Marriage Sole Registrations,31118,4.88%,13712,2.15%,0.02149121982
1979,638028,19 and under,Within Marriage (or Civil Partnership),568561,89.11%,35138,5.51%,0.05507281812
1979,638028,20-24,Outside Marriage Joint Registrations,38349,6.01%,12744,2.00%,0.01997404503
1979,638028,20-24,Outside Marriage Sole Registrations,31118,4.88%,10127,1.59%,0.01587234416
1979,638028,20-24,Within Marriage (or Civil Partnership),568561,89.11%,170338,26.70%,0.266975744
1979,638028,25-29,Outside Marriage Joint Registrations,38349,6.01%,8131,1.27%,0.01274395481
1979,638028,25-29,Outside Marriage Sole Registrations,31118,4.88%,4175,0.65%,0.006543599967
1979,638028,25-29,Within Marriage (or Civil Partnership),568561,89.11%,209796,32.88%,0.3288194249
1979,638028,30-34,Outside Marriage Joint Registrations,38349,6.01%,4865,0.76%,0.007625057208
1979,638028,30-34,Outside Marriage Sole Registrations,31118,4.88%,2026,0.32%,0.00317540923
1979,638028,30-34,Within Marriage (or Civil Partnership),568561,89.11%,118773,18.62%,0.1861564069
1979,638028,35-39,Outside Marriage Joint Registrations,38349,6.01%,1854,0.29%,0.002905828584
1979,638028,35-39,Outside Marriage Sole Registrations,31118,4.88%,824,0.13%,0.001291479371
1979,638028,35-39,Within Marriage (or Civil Partnership),568561,89.11%,28716,4.50%,0.04500742914
1979,638028,40-44,Outside Marriage Joint Registrations,38349,6.01%,431,0.07%,0.0006755189427
1979,638028,40-44,Outside Marriage Sole Registrations,31118,4.88%,236,0.04%,0.0003698897227
1979,638028,40-44,Within Marriage (or Civil Partnership),568561,89.11%,5311,0.83%,0.00832408609
1979,638028,45 and over,Outside Marriage Joint Registrations,38349,6.01%,31,0.00%,0.00004858720934
1979,638028,45 and over,Outside Marriage Sole Registrations,31118,4.88%,18,0.00%,0.000028211928
1979,638028,45 and over,Within Marriage (or Civil Partnership),568561,89.11%,489,0.08%,0.0007664240441
1978,596418,19 and under,Outside Marriage Joint Registrations,32802,5.50%,8865,1.49%,0.01486373651
1978,596418,19 and under,Outside Marriage Sole Registrations,27835,4.67%,12778,2.14%,0.02142457136
1978,596418,19 and under,Within Marriage (or Civil Partnership),535781,89.83%,34341,5.76%,0.05757874511
1978,596418,20-24,Outside Marriage Joint Registrations,32802,5.50%,10852,1.82%,0.01819529256
1978,596418,20-24,Outside Marriage Sole Registrations,27835,4.67%,8849,1.48%,0.01483690968
1978,596418,20-24,Within Marriage (or Civil Partnership),535781,89.83%,162879,27.31%,0.2730953794
1978,596418,25-29,Outside Marriage Joint Registrations,32802,5.50%,6873,1.15%,0.01152379707
1978,596418,25-29,Outside Marriage Sole Registrations,27835,4.67%,3558,0.60%,0.00596561472
1978,596418,25-29,Within Marriage (or Civil Partnership),535781,89.83%,200167,33.56%,0.3356152899
1978,596418,30-34,Outside Marriage Joint Registrations,32802,5.50%,4172,0.70%,0.006995094045
1978,596418,30-34,Outside Marriage Sole Registrations,27835,4.67%,1717,0.29%,0.002878853422
1978,596418,30-34,Within Marriage (or Civil Partnership),535781,89.83%,107188,17.97%,0.1797195926
1978,596418,35-39,Outside Marriage Joint Registrations,32802,5.50%,1615,0.27%,0.002707832426
1978,596418,35-39,Outside Marriage Sole Registrations,27835,4.67%,718,0.12%,0.001203853673
1978,596418,35-39,Within Marriage (or Civil Partnership),535781,89.83%,25604,4.29%,0.04292962318
1978,596418,40-44,Outside Marriage Joint Registrations,32802,5.50%,398,0.07%,0.0006673172171
1978,596418,40-44,Outside Marriage Sole Registrations,27835,4.67%,198,0.03%,0.0003319819321
1978,596418,40-44,Within Marriage (or Civil Partnership),535781,89.83%,5123,0.86%,0.008589613325
1978,596418,45 and over,Outside Marriage Joint Registrations,32802,5.50%,27,0.00%,0.00004527026347
1978,596418,45 and over,Outside Marriage Sole Registrations,27835,4.67%,17,0.00%,0.00002850349922
1978,596418,45 and over,Within Marriage (or Civil Partnership),535781,89.83%,479,0.08%,0.0008031280075