Mother age,Year,Type of Registration,Count
Under 20,2020,Within Marriage (or Civil Partnership),703
Under 20,2020,Outside Marriage Joint Registrations,11588
Under 20,2020,Outside Marriage Sole Registrations,3649
Under 20,2019,Within Marriage (or Civil Partnership),840
Under 20,2019,Outside Marriage Joint Registrations,13121
Under 20,2019,Outside Marriage Sole Registrations,3759
Under 20,2018,Within Marriage (or Civil Partnership),920
Under 20,2018,Outside Marriage Joint Registrations,14055
Under 20,2018,Outside Marriage Sole Registrations,4001
Under 20,2017,Within Marriage (or Civil Partnership),929
Under 20,2017,Outside Marriage Joint Registrations,15200
Under 20,2017,Outside Marriage Sole Registrations,4229
Under 20,2016,Within Marriage (or Civil Partnership),1089
Under 20,2016,Outside Marriage Joint Registrations,16784
Under 20,2016,Outside Marriage Sole Registrations,4592
Under 20,2015,Within Marriage (or Civil Partnership),1069
Under 20,2015,Outside Marriage Joint Registrations,18016
Under 20,2015,Outside Marriage Sole Registrations,4863
Under 20,2014,Within Marriage (or Civil Partnership),1165
Under 20,2014,Outside Marriage Joint Registrations,19423
Under 20,2014,Outside Marriage Sole Registrations,5389
Under 20,2013,Within Marriage (or Civil Partnership),1272
Under 20,2013,Outside Marriage Joint Registrations,21848
Under 20,2013,Outside Marriage Sole Registrations,6016
Under 20,2012,Within Marriage (or Civil Partnership),1295
Under 20,2012,Outside Marriage Joint Registrations,25653
Under 20,2012,Outside Marriage Sole Registrations,6867
Under 20,2011,Within Marriage (or Civil Partnership),1410
Under 20,2011,Outside Marriage Joint Registrations,27560
Under 20,2011,Outside Marriage Sole Registrations,7465
Under 20,2010,Within Marriage (or Civil Partnership),1684
Under 20,2010,Outside Marriage Joint Registrations,30753
Under 20,2010,Outside Marriage Sole Registrations,8154
Under 20,2009,Within Marriage (or Civil Partnership),2334
Under 20,2009,Outside Marriage Joint Registrations,31978
Under 20,2009,Outside Marriage Sole Registrations,8931
Under 20,2008,Within Marriage (or Civil Partnership),2739
Under 20,2008,Outside Marriage Joint Registrations,32392
Under 20,2008,Outside Marriage Sole Registrations,9560
Under 20,2007,Within Marriage (or Civil Partnership),3087
Under 20,2007,Outside Marriage Joint Registrations,31750
Under 20,2007,Outside Marriage Sole Registrations,9968
Under 20,2006,Within Marriage (or Civil Partnership),3199
Under 20,2006,Outside Marriage Joint Registrations,31931
Under 20,2006,Outside Marriage Sole Registrations,10379
Under 20,2005,Within Marriage (or Civil Partnership),3654
Under 20,2005,Outside Marriage Joint Registrations,30424
Under 20,2005,Outside Marriage Sole Registrations,10752
Under 20,2004,Within Marriage (or Civil Partnership),4063
Under 20,2004,Outside Marriage Joint Registrations,29870
Under 20,2004,Outside Marriage Sole Registrations,11161
Under 20,2003,Within Marriage (or Civil Partnership),4338
Under 20,2003,Outside Marriage Joint Registrations,28706
Under 20,2003,Outside Marriage Sole Registrations,11192
Under 20,2002,Within Marriage (or Civil Partnership),4582
Under 20,2002,Outside Marriage Joint Registrations,27656
Under 20,2002,Outside Marriage Sole Registrations,11229
Under 20,2001,Within Marriage (or Civil Partnership),4640
Under 20,2001,Outside Marriage Joint Registrations,27880
Under 20,2001,Outside Marriage Sole Registrations,11669
Under 20,2000,Within Marriage (or Civil Partnership),4742
Under 20,2000,Outside Marriage Joint Registrations,28645
Under 20,2000,Outside Marriage Sole Registrations,12459
Under 20,1999,Within Marriage (or Civil Partnership),5333
Under 20,1999,Outside Marriage Joint Registrations,29848
Under 20,1999,Outside Marriage Sole Registrations,13194
Under 20,1998,Within Marriage (or Civil Partnership),5278
Under 20,1998,Outside Marriage Joint Registrations,29177
Under 20,1998,Outside Marriage Sole Registrations,13830
Under 20,1997,Within Marriage (or Civil Partnership),5233
Under 20,1997,Outside Marriage Joint Registrations,27916
Under 20,1997,Outside Marriage Sole Registrations,13223
Under 20,1996,Within Marriage (or Civil Partnership),5365
Under 20,1996,Outside Marriage Joint Registrations,26356
Under 20,1996,Outside Marriage Sole Registrations,12946
Under 20,1995,Within Marriage (or Civil Partnership),5623
Under 20,1995,Outside Marriage Joint Registrations,24435
Under 20,1995,Outside Marriage Sole Registrations,11880
Under 20,1994,Within Marriage (or Civil Partnership),6099
Under 20,1994,Outside Marriage Joint Registrations,23920
Under 20,1994,Outside Marriage Sole Registrations,12007
Under 20,1993,Within Marriage (or Civil Partnership),6875
Under 20,1993,Outside Marriage Joint Registrations,25711
Under 20,1993,Outside Marriage Sole Registrations,12535
Under 20,1992,Within Marriage (or Civil Partnership),7787
Under 20,1992,Outside Marriage Joint Registrations,26617
Under 20,1992,Outside Marriage Sole Registrations,13457
Under 20,1991,Within Marriage (or Civil Partnership),8948
Under 20,1991,Outside Marriage Joint Registrations,28199
Under 20,1991,Outside Marriage Sole Registrations,15249
Under 20,1990,Within Marriage (or Civil Partnership),10958
Under 20,1990,Outside Marriage Joint Registrations,28392
Under 20,1990,Outside Marriage Sole Registrations,16191
Under 20,1989,Within Marriage (or Civil Partnership),12027
Under 20,1989,Outside Marriage Joint Registrations,27374
Under 20,1989,Outside Marriage Sole Registrations,16142
Under 20,1988,Within Marriage (or Civil Partnership),14099
Under 20,1988,Outside Marriage Joint Registrations,27544
Under 20,1988,Outside Marriage Sole Registrations,17098
Under 20,1987,Within Marriage (or Civil Partnership),15588
Under 20,1987,Outside Marriage Joint Registrations,25170
Under 20,1987,Outside Marriage Sole Registrations,16787
Under 20,1986,Within Marriage (or Civil Partnership),17793
Under 20,1986,Outside Marriage Joint Registrations,23234
Under 20,1986,Outside Marriage Sole Registrations,16379
Under 20,1985,Within Marriage (or Civil Partnership),20057
Under 20,1985,Outside Marriage Joint Registrations,21000
Under 20,1985,Outside Marriage Sole Registrations,15872
Under 20,1984,Within Marriage (or Civil Partnership),21373
Under 20,1984,Outside Marriage Joint Registrations,18207
Under 20,1984,Outside Marriage Sole Registrations,14928
Under 20,1983,Within Marriage (or Civil Partnership),23636
Under 20,1983,Outside Marriage Joint Registrations,16072
Under 20,1983,Outside Marriage Sole Registrations,14351
Under 20,1982,Within Marriage (or Civil Partnership),26696
Under 20,1982,Outside Marriage Joint Registrations,14286
Under 20,1982,Outside Marriage Sole Registrations,14453
Under 20,1981,Within Marriage (or Civil Partnership),30140
Under 20,1981,Outside Marriage Joint Registrations,12750
Under 20,1981,Outside Marriage Sole Registrations,13670
Under 20,1980,Within Marriage (or Civil Partnership),34894
Under 20,1980,Outside Marriage Joint Registrations,11828
Under 20,1980,Outside Marriage Sole Registrations,14032
Under 20,1979,Within Marriage (or Civil Partnership),35138
Under 20,1979,Outside Marriage Joint Registrations,10293
Under 20,1979,Outside Marriage Sole Registrations,13712
Under 20,1978,Within Marriage (or Civil Partnership),34341
Under 20,1978,Outside Marriage Joint Registrations,8865
Under 20,1978,Outside Marriage Sole Registrations,12778
20-24,2020,Within Marriage (or Civil Partnership),15702
20-24,2020,Outside Marriage Joint Registrations,55955
20-24,2020,Outside Marriage Sole Registrations,7969
20-24,2019,Within Marriage (or Civil Partnership),17372
20-24,2019,Outside Marriage Joint Registrations,60816
20-24,2019,Outside Marriage Sole Registrations,8568
20-24,2018,Within Marriage (or Civil Partnership),17939
20-24,2018,Outside Marriage Joint Registrations,64193
20-24,2018,Outside Marriage Sole Registrations,8963
20-24,2017,Within Marriage (or Civil Partnership),19099
20-24,2017,Outside Marriage Joint Registrations,69009
20-24,2017,Outside Marriage Sole Registrations,9398
20-24,2016,Within Marriage (or Civil Partnership),20209
20-24,2016,Outside Marriage Joint Registrations,72766
20-24,2016,Outside Marriage Sole Registrations,9632
20-24,2015,Within Marriage (or Civil Partnership),21241
20-24,2015,Outside Marriage Joint Registrations,76535
20-24,2015,Outside Marriage Sole Registrations,10335
20-24,2014,Within Marriage (or Civil Partnership),22873
20-24,2014,Outside Marriage Joint Registrations,78812
20-24,2014,Outside Marriage Sole Registrations,10930
20-24,2013,Within Marriage (or Civil Partnership),25794
20-24,2013,Outside Marriage Joint Registrations,82245
20-24,2013,Outside Marriage Sole Registrations,11680
20-24,2012,Within Marriage (or Civil Partnership),29627
20-24,2012,Outside Marriage Joint Registrations,90018
20-24,2012,Outside Marriage Sole Registrations,12811
20-24,2011,Within Marriage (or Civil Partnership),31785
20-24,2011,Outside Marriage Joint Registrations,90113
20-24,2011,Outside Marriage Sole Registrations,13048
20-24,2010,Within Marriage (or Civil Partnership),33955
20-24,2010,Outside Marriage Joint Registrations,90000
20-24,2010,Outside Marriage Sole Registrations,13357
20-24,2009,Within Marriage (or Civil Partnership),35920
20-24,2009,Outside Marriage Joint Registrations,86189
20-24,2009,Outside Marriage Sole Registrations,13903
20-24,2008,Within Marriage (or Civil Partnership),38239
20-24,2008,Outside Marriage Joint Registrations,83015
20-24,2008,Outside Marriage Sole Registrations,14717
20-24,2007,Within Marriage (or Civil Partnership),38859
20-24,2007,Outside Marriage Joint Registrations,77319
20-24,2007,Outside Marriage Sole Registrations,14606
20-24,2006,Within Marriage (or Civil Partnership),40126
20-24,2006,Outside Marriage Joint Registrations,72917
20-24,2006,Outside Marriage Sole Registrations,14785
20-24,2005,Within Marriage (or Civil Partnership),40010
20-24,2005,Outside Marriage Joint Registrations,67664
20-24,2005,Outside Marriage Sole Registrations,14471
20-24,2004,Within Marriage (or Civil Partnership),41285
20-24,2004,Outside Marriage Joint Registrations,65421
20-24,2004,Outside Marriage Sole Registrations,14366
20-24,2003,Within Marriage (or Civil Partnership),40887
20-24,2003,Outside Marriage Joint Registrations,61301
20-24,2003,Outside Marriage Sole Registrations,14434
20-24,2002,Within Marriage (or Civil Partnership),40712
20-24,2002,Outside Marriage Joint Registrations,56648
20-24,2002,Outside Marriage Sole Registrations,13599
20-24,2001,Within Marriage (or Civil Partnership),40736
20-24,2001,Outside Marriage Joint Registrations,54525
20-24,2001,Outside Marriage Sole Registrations,13583
20-24,2000,Within Marriage (or Civil Partnership),40262
20-24,2000,Outside Marriage Joint Registrations,53560
20-24,2000,Outside Marriage Sole Registrations,13919
20-24,1999,Within Marriage (or Civil Partnership),43190
20-24,1999,Outside Marriage Joint Registrations,53055
20-24,1999,Outside Marriage Sole Registrations,14477
20-24,1998,Within Marriage (or Civil Partnership),45724
20-24,1998,Outside Marriage Joint Registrations,52975
20-24,1998,Outside Marriage Sole Registrations,14838
20-24,1997,Within Marriage (or Civil Partnership),49068
20-24,1997,Outside Marriage Joint Registrations,53931
20-24,1997,Outside Marriage Sole Registrations,15590
20-24,1996,Within Marriage (or Civil Partnership),54651
20-24,1996,Outside Marriage Joint Registrations,54836
20-24,1996,Outside Marriage Sole Registrations,16245
20-24,1995,Within Marriage (or Civil Partnership),61029
20-24,1995,Outside Marriage Joint Registrations,54089
20-24,1995,Outside Marriage Sole Registrations,15626
20-24,1994,Within Marriage (or Civil Partnership),69227
20-24,1994,Outside Marriage Joint Registrations,54605
20-24,1994,Outside Marriage Sole Registrations,16408
20-24,1993,Within Marriage (or Civil Partnership),76950
20-24,1993,Outside Marriage Joint Registrations,57549
20-24,1993,Outside Marriage Sole Registrations,17476
20-24,1992,Within Marriage (or Civil Partnership),86220
20-24,1992,Outside Marriage Joint Registrations,58721
20-24,1992,Outside Marriage Sole Registrations,18370
20-24,1991,Within Marriage (or Civil Partnership),95605
20-24,1991,Outside Marriage Joint Registrations,58080
20-24,1991,Outside Marriage Sole Registrations,19671
20-24,1990,Within Marriage (or Civil Partnership),106188
20-24,1990,Outside Marriage Joint Registrations,53813
20-24,1990,Outside Marriage Sole Registrations,20135
20-24,1989,Within Marriage (or Civil Partnership),114456
20-24,1989,Outside Marriage Joint Registrations,50604
20-24,1989,Outside Marriage Sole Registrations,20179
20-24,1988,Within Marriage (or Civil Partnership),125575
20-24,1988,Outside Marriage Joint Registrations,47801
20-24,1988,Outside Marriage Sole Registrations,20350
20-24,1987,Within Marriage (or Civil Partnership),132809
20-24,1987,Outside Marriage Joint Registrations,41479
20-24,1987,Outside Marriage Sole Registrations,18944
20-24,1986,Within Marriage (or Civil Partnership),137985
20-24,1986,Outside Marriage Joint Registrations,36157
20-24,1986,Outside Marriage Sole Registrations,17922
20-24,1985,Within Marriage (or Civil Partnership),146262
20-24,1985,Outside Marriage Joint Registrations,31256
20-24,1985,Outside Marriage Sole Registrations,16440
20-24,1984,Within Marriage (or Civil Partnership),150371
20-24,1984,Outside Marriage Joint Registrations,26208
20-24,1984,Outside Marriage Sole Registrations,14876
20-24,1983,Within Marriage (or Civil Partnership),155209
20-24,1983,Outside Marriage Joint Registrations,22550
20-24,1983,Outside Marriage Sole Registrations,14093
20-24,1982,Within Marriage (or Civil Partnership),159911
20-24,1982,Outside Marriage Joint Registrations,19420
20-24,1982,Outside Marriage Sole Registrations,12991
20-24,1981,Within Marriage (or Civil Partnership),165690
20-24,1981,Outside Marriage Joint Registrations,16820
20-24,1981,Outside Marriage Sole Registrations,12000
20-24,1980,Within Marriage (or Civil Partnership),174934
20-24,1980,Outside Marriage Joint Registrations,15267
20-24,1980,Outside Marriage Sole Registrations,11340
20-24,1979,Within Marriage (or Civil Partnership),170338
20-24,1979,Outside Marriage Joint Registrations,12744
20-24,1979,Outside Marriage Sole Registrations,10127
20-24,1978,Within Marriage (or Civil Partnership),162879
20-24,1978,Outside Marriage Joint Registrations,10852
20-24,1978,Outside Marriage Sole Registrations,8849
25-29,2020,Within Marriage (or Civil Partnership),72706
25-29,2020,Outside Marriage Joint Registrations,83991
25-29,2020,Outside Marriage Sole Registrations,8068
25-29,2019,Within Marriage (or Civil Partnership),78113
25-29,2019,Outside Marriage Joint Registrations,87391
25-29,2019,Outside Marriage Sole Registrations,8440
25-29,2018,Within Marriage (or Civil Partnership),82497
25-29,2018,Outside Marriage Joint Registrations,89436
25-29,2018,Outside Marriage Sole Registrations,8925
25-29,2017,Within Marriage (or Civil Partnership),88323
25-29,2017,Outside Marriage Joint Registrations,92461
25-29,2017,Outside Marriage Sole Registrations,9244
25-29,2016,Within Marriage (or Civil Partnership),94118
25-29,2016,Outside Marriage Joint Registrations,92547
25-29,2016,Outside Marriage Sole Registrations,9467
25-29,2015,Within Marriage (or Civil Partnership),97465
25-29,2015,Outside Marriage Joint Registrations,91313
25-29,2015,Outside Marriage Sole Registrations,9405
25-29,2014,Within Marriage (or Civil Partnership),99642
25-29,2014,Outside Marriage Joint Registrations,87637
25-29,2014,Outside Marriage Sole Registrations,9539
25-29,2013,Within Marriage (or Civil Partnership),102106
25-29,2013,Outside Marriage Joint Registrations,85011
25-29,2013,Outside Marriage Sole Registrations,9576
25-29,2012,Within Marriage (or Civil Partnership),106555
25-29,2012,Outside Marriage Joint Registrations,85790
25-29,2012,Outside Marriage Sole Registrations,10025
25-29,2011,Within Marriage (or Civil Partnership),107383
25-29,2011,Outside Marriage Joint Registrations,83481
25-29,2011,Outside Marriage Sole Registrations,9723
25-29,2010,Within Marriage (or Civil Partnership),108465
25-29,2010,Outside Marriage Joint Registrations,81049
25-29,2010,Outside Marriage Sole Registrations,9719
25-29,2009,Within Marriage (or Civil Partnership),108499
25-29,2009,Outside Marriage Joint Registrations,75687
25-29,2009,Outside Marriage Sole Registrations,9943
25-29,2008,Within Marriage (or Civil Partnership),110353
25-29,2008,Outside Marriage Joint Registrations,72647
25-29,2008,Outside Marriage Sole Registrations,9960
25-29,2007,Within Marriage (or Civil Partnership),106603
25-29,2007,Outside Marriage Joint Registrations,66244
25-29,2007,Outside Marriage Sole Registrations,9723
25-29,2006,Within Marriage (or Civil Partnership),103348
25-29,2006,Outside Marriage Joint Registrations,60125
25-29,2006,Outside Marriage Sole Registrations,9169
25-29,2005,Within Marriage (or Civil Partnership),99957
25-29,2005,Outside Marriage Joint Registrations,55485
25-29,2005,Outside Marriage Sole Registrations,8906
25-29,2004,Within Marriage (or Civil Partnership),98539
25-29,2004,Outside Marriage Joint Registrations,52658
25-29,2004,Outside Marriage Sole Registrations,8787
25-29,2003,Within Marriage (or Civil Partnership),98694
25-29,2003,Outside Marriage Joint Registrations,49682
25-29,2003,Outside Marriage Sole Registrations,8555
25-29,2002,Within Marriage (or Civil Partnership),97583
25-29,2002,Outside Marriage Joint Registrations,47663
25-29,2002,Outside Marriage Sole Registrations,8133
25-29,2001,Within Marriage (or Civil Partnership),103131
25-29,2001,Outside Marriage Joint Registrations,48213
25-29,2001,Outside Marriage Sole Registrations,8582
25-29,2000,Within Marriage (or Civil Partnership),111606
25-29,2000,Outside Marriage Joint Registrations,49882
25-29,2000,Outside Marriage Sole Registrations,9213
25-29,1999,Within Marriage (or Civil Partnership),120716
25-29,1999,Outside Marriage Joint Registrations,51279
25-29,1999,Outside Marriage Sole Registrations,9936
25-29,1998,Within Marriage (or Civil Partnership),130747
25-29,1998,Outside Marriage Joint Registrations,51725
25-29,1998,Outside Marriage Sole Registrations,10672
25-29,1997,Within Marriage (or Civil Partnership),139383
25-29,1997,Outside Marriage Joint Registrations,52394
25-29,1997,Outside Marriage Sole Registrations,11015
25-29,1996,Within Marriage (or Civil Partnership),148770
25-29,1996,Outside Marriage Joint Registrations,50983
25-29,1996,Outside Marriage Sole Registrations,11350
25-29,1995,Within Marriage (or Civil Partnership),157855
25-29,1995,Outside Marriage Joint Registrations,48699
25-29,1995,Outside Marriage Sole Registrations,10864
25-29,1994,Within Marriage (or Civil Partnership),170605
25-29,1994,Outside Marriage Joint Registrations,47107
25-29,1994,Outside Marriage Sole Registrations,11390
25-29,1993,Within Marriage (or Civil Partnership),178456
25-29,1993,Outside Marriage Joint Registrations,46087
25-29,1993,Outside Marriage Sole Registrations,11418
25-29,1992,Within Marriage (or Civil Partnership),188928
25-29,1992,Outside Marriage Joint Registrations,44449
25-29,1992,Outside Marriage Sole Registrations,11421
25-29,1991,Within Marriage (or Civil Partnership),196281
25-29,1991,Outside Marriage Joint Registrations,41050
25-29,1991,Outside Marriage Sole Registrations,11396
25-29,1990,Within Marriage (or Civil Partnership),204701
25-29,1990,Outside Marriage Joint Registrations,36736
25-29,1990,Outside Marriage Sole Registrations,11140
25-29,1989,Within Marriage (or Civil Partnership),200961
25-29,1989,Outside Marriage Joint Registrations,31462
25-29,1989,Outside Marriage Sole Registrations,10399
25-29,1988,Within Marriage (or Civil Partnership),205292
25-29,1988,Outside Marriage Joint Registrations,27983
25-29,1988,Outside Marriage Sole Registrations,10185
25-29,1987,Within Marriage (or Civil Partnership),206036
25-29,1987,Outside Marriage Joint Registrations,23984
25-29,1987,Outside Marriage Sole Registrations,8909
25-29,1986,Within Marriage (or Civil Partnership),201323
25-29,1986,Outside Marriage Joint Registrations,19466
25-29,1986,Outside Marriage Sole Registrations,8246
25-29,1985,Within Marriage (or Civil Partnership),203272
25-29,1985,Outside Marriage Joint Registrations,16856
25-29,1985,Outside Marriage Sole Registrations,7358
25-29,1984,Within Marriage (or Civil Partnership),197401
25-29,1984,Outside Marriage Joint Registrations,14247
25-29,1984,Outside Marriage Sole Registrations,6383
25-29,1983,Within Marriage (or Civil Partnership),196162
25-29,1983,Outside Marriage Joint Registrations,12097
25-29,1983,Outside Marriage Sole Registrations,5819
25-29,1982,Within Marriage (or Civil Partnership),195839
25-29,1982,Outside Marriage Joint Registrations,10683
25-29,1982,Outside Marriage Sole Registrations,5383
25-29,1981,Within Marriage (or Civil Partnership),201460
25-29,1981,Outside Marriage Joint Registrations,9520
25-29,1981,Outside Marriage Sole Registrations,4770
25-29,1980,Within Marriage (or Civil Partnership),209976
25-29,1980,Outside Marriage Joint Registrations,8946
25-29,1980,Outside Marriage Sole Registrations,4516
25-29,1979,Within Marriage (or Civil Partnership),209796
25-29,1979,Outside Marriage Joint Registrations,8131
25-29,1979,Outside Marriage Sole Registrations,4175
25-29,1978,Within Marriage (or Civil Partnership),200167
25-29,1978,Outside Marriage Joint Registrations,6873
25-29,1978,Outside Marriage Sole Registrations,3558
30-34,2020,Within Marriage (or Civil Partnership),129428
30-34,2020,Outside Marriage Joint Registrations,69557
30-34,2020,Outside Marriage Sole Registrations,6690
30-34,2019,Within Marriage (or Civil Partnership),134931
30-34,2019,Outside Marriage Joint Registrations,68346
30-34,2019,Outside Marriage Sole Registrations,6628
30-34,2018,Within Marriage (or Civil Partnership),137741
30-34,2018,Outside Marriage Joint Registrations,68280
30-34,2018,Outside Marriage Sole Registrations,6686
30-34,2017,Within Marriage (or Civil Partnership),142442
30-34,2017,Outside Marriage Joint Registrations,67560
30-34,2017,Outside Marriage Sole Registrations,6785
30-34,2016,Within Marriage (or Civil Partnership),146682
30-34,2016,Outside Marriage Joint Registrations,66664
30-34,2016,Outside Marriage Sole Registrations,6783
30-34,2015,Within Marriage (or Civil Partnership),145600
30-34,2015,Outside Marriage Joint Registrations,65355
30-34,2015,Outside Marriage Sole Registrations,6800
30-34,2014,Within Marriage (or Civil Partnership),145277
30-34,2014,Outside Marriage Joint Registrations,63591
30-34,2014,Outside Marriage Sole Registrations,6774
30-34,2013,Within Marriage (or Civil Partnership),144376
30-34,2013,Outside Marriage Joint Registrations,61117
30-34,2013,Outside Marriage Sole Registrations,6813
30-34,2012,Within Marriage (or Civil Partnership),148403
30-34,2012,Outside Marriage Joint Registrations,60966
30-34,2012,Outside Marriage Sole Registrations,6873
30-34,2011,Within Marriage (or Civil Partnership),143519
30-34,2011,Outside Marriage Joint Registrations,57195
30-34,2011,Outside Marriage Sole Registrations,6437
30-34,2010,Within Marriage (or Civil Partnership),141873
30-34,2010,Outside Marriage Joint Registrations,54336
30-34,2010,Outside Marriage Sole Registrations,6248
30-34,2009,Within Marriage (or Civil Partnership),135802
30-34,2009,Outside Marriage Joint Registrations,49822
30-34,2009,Outside Marriage Sole Registrations,5976
30-34,2008,Within Marriage (or Civil Partnership),138066
30-34,2008,Outside Marriage Joint Registrations,48435
30-34,2008,Outside Marriage Sole Registrations,5949
30-34,2007,Within Marriage (or Civil Partnership),138157
30-34,2007,Outside Marriage Joint Registrations,46807
30-34,2007,Outside Marriage Sole Registrations,6160
30-34,2006,Within Marriage (or Civil Partnership),137996
30-34,2006,Outside Marriage Joint Registrations,45292
30-34,2006,Outside Marriage Sole Registrations,6119
30-34,2005,Within Marriage (or Civil Partnership),137401
30-34,2005,Outside Marriage Joint Registrations,44565
30-34,2005,Outside Marriage Sole Registrations,6187
30-34,2004,Within Marriage (or Civil Partnership),139838
30-34,2004,Outside Marriage Joint Registrations,44533
30-34,2004,Outside Marriage Sole Registrations,6179
30-34,2003,Within Marriage (or Civil Partnership),138002
30-34,2003,Outside Marriage Joint Registrations,43118
30-34,2003,Outside Marriage Sole Registrations,6094
30-34,2002,Within Marriage (or Civil Partnership),134093
30-34,2002,Outside Marriage Joint Registrations,40490
30-34,2002,Outside Marriage Sole Registrations,5949
30-34,2001,Within Marriage (or Civil Partnership),133710
30-34,2001,Outside Marriage Joint Registrations,39335
30-34,2001,Outside Marriage Sole Registrations,5875
30-34,2000,Within Marriage (or Civil Partnership),136165
30-34,2000,Outside Marriage Joint Registrations,37832
30-34,2000,Outside Marriage Sole Registrations,6116
30-34,1999,Within Marriage (or Civil Partnership),140330
30-34,1999,Outside Marriage Joint Registrations,38366
30-34,1999,Outside Marriage Sole Registrations,6615
30-34,1998,Within Marriage (or Civil Partnership),144599
30-34,1998,Outside Marriage Joint Registrations,37132
30-34,1998,Outside Marriage Sole Registrations,6768
30-34,1997,Within Marriage (or Civil Partnership),145293
30-34,1997,Outside Marriage Joint Registrations,35238
30-34,1997,Outside Marriage Sole Registrations,6997
30-34,1996,Within Marriage (or Civil Partnership),145898
30-34,1996,Outside Marriage Joint Registrations,33501
30-34,1996,Outside Marriage Sole Registrations,6978
30-34,1995,Within Marriage (or Civil Partnership),144200
30-34,1995,Outside Marriage Joint Registrations,30517
30-34,1995,Outside Marriage Sole Registrations,6485
30-34,1994,Within Marriage (or Civil Partnership),145563
30-34,1994,Outside Marriage Joint Registrations,27801
30-34,1994,Outside Marriage Sole Registrations,6204
30-34,1993,Within Marriage (or Civil Partnership),139671
30-34,1993,Outside Marriage Joint Registrations,25423
30-34,1993,Outside Marriage Sole Registrations,5967
30-34,1992,Within Marriage (or Civil Partnership),137904
30-34,1992,Outside Marriage Joint Registrations,23293
30-34,1992,Outside Marriage Sole Registrations,5642
30-34,1991,Within Marriage (or Civil Partnership),135542
30-34,1991,Outside Marriage Joint Registrations,20319
30-34,1991,Outside Marriage Sole Registrations,5398
30-34,1990,Within Marriage (or Civil Partnership),133384
30-34,1990,Outside Marriage Joint Registrations,17874
30-34,1990,Outside Marriage Sole Registrations,5006
30-34,1989,Within Marriage (or Civil Partnership),125439
30-34,1989,Outside Marriage Joint Registrations,15281
30-34,1989,Outside Marriage Sole Registrations,4600
30-34,1988,Within Marriage (or Civil Partnership),123384
30-34,1988,Outside Marriage Joint Registrations,13270
30-34,1988,Outside Marriage Sole Registrations,4320
30-34,1987,Within Marriage (or Civil Partnership),121252
30-34,1987,Outside Marriage Joint Registrations,11431
30-34,1987,Outside Marriage Sole Registrations,3875
30-34,1986,Within Marriage (or Civil Partnership),116369
30-34,1986,Outside Marriage Joint Registrations,9639
30-34,1986,Outside Marriage Sole Registrations,3479
30-34,1985,Within Marriage (or Civil Partnership),114862
30-34,1985,Outside Marriage Joint Registrations,8177
30-34,1985,Outside Marriage Sole Registrations,3146
30-34,1984,Within Marriage (or Civil Partnership),112660
30-34,1984,Outside Marriage Joint Registrations,7290
30-34,1984,Outside Marriage Sole Registrations,2824
30-34,1983,Within Marriage (or Civil Partnership),111722
30-34,1983,Outside Marriage Joint Registrations,6623
30-34,1983,Outside Marriage Sole Registrations,2651
30-34,1982,Within Marriage (or Civil Partnership),112625
30-34,1982,Outside Marriage Joint Registrations,5835
30-34,1982,Outside Marriage Sole Registrations,2298
30-34,1981,Within Marriage (or Civil Partnership),118720
30-34,1981,Outside Marriage Joint Registrations,5530
30-34,1981,Outside Marriage Sole Registrations,2340
30-34,1980,Within Marriage (or Civil Partnership),122320
30-34,1980,Outside Marriage Joint Registrations,5412
30-34,1980,Outside Marriage Sole Registrations,2176
30-34,1979,Within Marriage (or Civil Partnership),118773
30-34,1979,Outside Marriage Joint Registrations,4865
30-34,1979,Outside Marriage Sole Registrations,2026
30-34,1978,Within Marriage (or Civil Partnership),107188
30-34,1978,Outside Marriage Joint Registrations,4172
30-34,1978,Outside Marriage Sole Registrations,1717
35-39,2020,Within Marriage (or Civil Partnership),77334
35-39,2020,Outside Marriage Joint Registrations,37074
35-39,2020,Outside Marriage Sole Registrations,4018
35-39,2019,Within Marriage (or Civil Partnership),80829
35-39,2019,Outside Marriage Joint Registrations,37415
35-39,2019,Outside Marriage Sole Registrations,4165
35-39,2018,Within Marriage (or Civil Partnership),82644
35-39,2018,Outside Marriage Joint Registrations,37888
35-39,2018,Outside Marriage Sole Registrations,4035
35-39,2017,Within Marriage (or Civil Partnership),83644
35-39,2017,Outside Marriage Joint Registrations,37457
35-39,2017,Outside Marriage Sole Registrations,4013
35-39,2016,Within Marriage (or Civil Partnership),84231
35-39,2016,Outside Marriage Joint Registrations,36828
35-39,2016,Outside Marriage Sole Registrations,4146
35-39,2015,Within Marriage (or Civil Partnership),81396
35-39,2015,Outside Marriage Joint Registrations,35312
35-39,2015,Outside Marriage Sole Registrations,3906
35-39,2014,Within Marriage (or Civil Partnership),78293
35-39,2014,Outside Marriage Joint Registrations,33188
35-39,2014,Outside Marriage Sole Registrations,3690
35-39,2013,Within Marriage (or Civil Partnership),76046
35-39,2013,Outside Marriage Joint Registrations,31733
35-39,2013,Outside Marriage Sole Registrations,3721
35-39,2012,Within Marriage (or Civil Partnership),78689
35-39,2012,Outside Marriage Joint Registrations,32260
35-39,2012,Outside Marriage Sole Registrations,3848
35-39,2011,Within Marriage (or Civil Partnership),79951
35-39,2011,Outside Marriage Joint Registrations,31781
35-39,2011,Outside Marriage Sole Registrations,3712
35-39,2010,Within Marriage (or Civil Partnership),80846
35-39,2010,Outside Marriage Joint Registrations,31356
35-39,2010,Outside Marriage Sole Registrations,3639
35-39,2009,Within Marriage (or Civil Partnership),80156
35-39,2009,Outside Marriage Joint Registrations,30427
35-39,2009,Outside Marriage Sole Registrations,3705
35-39,2008,Within Marriage (or Civil Partnership),81602
35-39,2008,Outside Marriage Joint Registrations,30698
35-39,2008,Outside Marriage Sole Registrations,3920
35-39,2007,Within Marriage (or Civil Partnership),81399
35-39,2007,Outside Marriage Joint Registrations,29970
35-39,2007,Outside Marriage Sole Registrations,4011
35-39,2006,Within Marriage (or Civil Partnership),78269
35-39,2006,Outside Marriage Joint Registrations,28475
35-39,2006,Outside Marriage Sole Registrations,3765
35-39,2005,Within Marriage (or Civil Partnership),73810
35-39,2005,Outside Marriage Joint Registrations,26554
35-39,2005,Outside Marriage Sole Registrations,3749
35-39,2004,Within Marriage (or Civil Partnership),72555
35-39,2004,Outside Marriage Joint Registrations,25891
35-39,2004,Outside Marriage Sole Registrations,3782
35-39,2003,Within Marriage (or Civil Partnership),69595
35-39,2003,Outside Marriage Joint Registrations,24166
35-39,2003,Outside Marriage Sole Registrations,3625
35-39,2002,Within Marriage (or Civil Partnership),65369
35-39,2002,Outside Marriage Joint Registrations,21707
35-39,2002,Outside Marriage Sole Registrations,3373
35-39,2001,Within Marriage (or Civil Partnership),63202
35-39,2001,Outside Marriage Joint Registrations,20080
35-39,2001,Outside Marriage Sole Registrations,3213
35-39,2000,Within Marriage (or Civil Partnership),62671
35-39,2000,Outside Marriage Joint Registrations,18994
35-39,2000,Outside Marriage Sole Registrations,3309
35-39,1999,Within Marriage (or Civil Partnership),60470
35-39,1999,Outside Marriage Joint Registrations,17590
35-39,1999,Outside Marriage Sole Registrations,3221
35-39,1998,Within Marriage (or Civil Partnership),59320
35-39,1998,Outside Marriage Joint Registrations,16410
35-39,1998,Outside Marriage Sole Registrations,3151
35-39,1997,Within Marriage (or Civil Partnership),56671
35-39,1997,Outside Marriage Joint Registrations,15179
35-39,1997,Outside Marriage Sole Registrations,3050
35-39,1996,Within Marriage (or Civil Partnership),53265
35-39,1996,Outside Marriage Joint Registrations,13347
35-39,1996,Outside Marriage Sole Registrations,2891
35-39,1995,Within Marriage (or Civil Partnership),51129
35-39,1995,Outside Marriage Joint Registrations,11859
35-39,1995,Outside Marriage Sole Registrations,2529
35-39,1994,Within Marriage (or Civil Partnership),49668
35-39,1994,Outside Marriage Joint Registrations,10892
35-39,1994,Outside Marriage Sole Registrations,2501
35-39,1993,Within Marriage (or Civil Partnership),46919
35-39,1993,Outside Marriage Joint Registrations,9569
35-39,1993,Outside Marriage Sole Registrations,2336
35-39,1992,Within Marriage (or Civil Partnership),45733
35-39,1992,Outside Marriage Joint Registrations,8784
35-39,1992,Outside Marriage Sole Registrations,2133
35-39,1991,Within Marriage (or Civil Partnership),43810
35-39,1991,Outside Marriage Joint Registrations,7861
35-39,1991,Outside Marriage Sole Registrations,1973
35-39,1990,Within Marriage (or Civil Partnership),43179
35-39,1990,Outside Marriage Joint Registrations,6793
35-39,1990,Outside Marriage Sole Registrations,1933
35-39,1989,Within Marriage (or Civil Partnership),41528
35-39,1989,Outside Marriage Joint Registrations,6156
35-39,1989,Outside Marriage Sole Registrations,1781
35-39,1988,Within Marriage (or Civil Partnership),40400
35-39,1988,Outside Marriage Joint Registrations,5607
35-39,1988,Outside Marriage Sole Registrations,1642
35-39,1987,Within Marriage (or Civil Partnership),40159
35-39,1987,Outside Marriage Joint Registrations,4836
35-39,1987,Outside Marriage Sole Registrations,1609
35-39,1986,Within Marriage (or Civil Partnership),39753
35-39,1986,Outside Marriage Joint Registrations,4233
35-39,1986,Outside Marriage Sole Registrations,1479
35-39,1985,Within Marriage (or Civil Partnership),39293
35-39,1985,Outside Marriage Joint Registrations,3736
35-39,1985,Outside Marriage Sole Registrations,1364
35-39,1984,Within Marriage (or Civil Partnership),38350
35-39,1984,Outside Marriage Joint Registrations,3302
35-39,1984,Outside Marriage Sole Registrations,1269
35-39,1983,Within Marriage (or Civil Partnership),37160
35-39,1983,Outside Marriage Joint Registrations,2892
35-39,1983,Outside Marriage Sole Registrations,1225
35-39,1982,Within Marriage (or Civil Partnership),35310
35-39,1982,Outside Marriage Joint Registrations,2596
35-39,1982,Outside Marriage Sole Registrations,1086
35-39,1981,Within Marriage (or Civil Partnership),31480
35-39,1981,Outside Marriage Joint Registrations,1940
35-39,1981,Outside Marriage Sole Registrations,780
35-39,1980,Within Marriage (or Civil Partnership),30846
35-39,1980,Outside Marriage Joint Registrations,2178
35-39,1980,Outside Marriage Sole Registrations,869
35-39,1979,Within Marriage (or Civil Partnership),28716
35-39,1979,Outside Marriage Joint Registrations,1854
35-39,1979,Outside Marriage Sole Registrations,824
35-39,1978,Within Marriage (or Civil Partnership),25604
35-39,1978,Outside Marriage Joint Registrations,1615
35-39,1978,Outside Marriage Sole Registrations,718
40-44,2020,Within Marriage (or Civil Partnership),16071
40-44,2020,Outside Marriage Joint Registrations,9667
40-44,2020,Outside Marriage Sole Registrations,1335
40-44,2019,Within Marriage (or Civil Partnership),16426
40-44,2019,Outside Marriage Joint Registrations,9465
40-44,2019,Outside Marriage Sole Registrations,1337
40-44,2018,Within Marriage (or Civil Partnership),16071
40-44,2018,Outside Marriage Joint Registrations,9184
40-44,2018,Outside Marriage Sole Registrations,1244
40-44,2017,Within Marriage (or Civil Partnership),16430
40-44,2017,Outside Marriage Joint Registrations,9200
40-44,2017,Outside Marriage Sole Registrations,1326
40-44,2016,Within Marriage (or Civil Partnership),16788
40-44,2016,Outside Marriage Joint Registrations,9350
40-44,2016,Outside Marriage Sole Registrations,1309
40-44,2015,Within Marriage (or Civil Partnership),16554
40-44,2015,Outside Marriage Joint Registrations,9199
40-44,2015,Outside Marriage Sole Registrations,1312
40-44,2014,Within Marriage (or Civil Partnership),16561
40-44,2014,Outside Marriage Joint Registrations,9154
40-44,2014,Outside Marriage Sole Registrations,1306
40-44,2013,Within Marriage (or Civil Partnership),16783
40-44,2013,Outside Marriage Joint Registrations,9018
40-44,2013,Outside Marriage Sole Registrations,1347
40-44,2012,Within Marriage (or Civil Partnership),17380
40-44,2012,Outside Marriage Joint Registrations,9337
40-44,2012,Outside Marriage Sole Registrations,1302
40-44,2011,Within Marriage (or Civil Partnership),17388
40-44,2011,Outside Marriage Joint Registrations,8816
40-44,2011,Outside Marriage Sole Registrations,1314
40-44,2010,Within Marriage (or Civil Partnership),16404
40-44,2010,Outside Marriage Joint Registrations,8294
40-44,2010,Outside Marriage Sole Registrations,1275
40-44,2009,Within Marriage (or Civil Partnership),16318
40-44,2009,Outside Marriage Joint Registrations,7864
40-44,2009,Outside Marriage Sole Registrations,1175
40-44,2008,Within Marriage (or Civil Partnership),15991
40-44,2008,Outside Marriage Joint Registrations,7730
40-44,2008,Outside Marriage Sole Registrations,1270
40-44,2007,Within Marriage (or Civil Partnership),15484
40-44,2007,Outside Marriage Joint Registrations,7409
40-44,2007,Outside Marriage Sole Registrations,1148
40-44,2006,Within Marriage (or Civil Partnership),14511
40-44,2006,Outside Marriage Joint Registrations,6844
40-44,2006,Outside Marriage Sole Registrations,1157
40-44,2005,Within Marriage (or Civil Partnership),13760
40-44,2005,Outside Marriage Joint Registrations,6344
40-44,2005,Outside Marriage Sole Registrations,1051
40-44,2004,Within Marriage (or Civil Partnership),13098
40-44,2004,Outside Marriage Joint Registrations,5744
40-44,2004,Outside Marriage Sole Registrations,1042
40-44,2003,Within Marriage (or Civil Partnership),12113
40-44,2003,Outside Marriage Joint Registrations,5165
40-44,2003,Outside Marriage Sole Registrations,927
40-44,2002,Within Marriage (or Civil Partnership),11110
40-44,2002,Outside Marriage Joint Registrations,4522
40-44,2002,Outside Marriage Sole Registrations,809
40-44,2001,Within Marriage (or Civil Partnership),10582
40-44,2001,Outside Marriage Joint Registrations,4141
40-44,2001,Outside Marriage Sole Registrations,776
40-44,2000,Within Marriage (or Civil Partnership),9910
40-44,2000,Outside Marriage Joint Registrations,3761
40-44,2000,Outside Marriage Sole Registrations,732
40-44,1999,Within Marriage (or Civil Partnership),9466
40-44,1999,Outside Marriage Joint Registrations,3420
40-44,1999,Outside Marriage Sole Registrations,731
40-44,1998,Within Marriage (or Civil Partnership),9189
40-44,1998,Outside Marriage Joint Registrations,3118
40-44,1998,Outside Marriage Sole Registrations,673
40-44,1997,Within Marriage (or Civil Partnership),8797
40-44,1997,Outside Marriage Joint Registrations,2860
40-44,1997,Outside Marriage Sole Registrations,675
40-44,1996,Within Marriage (or Civil Partnership),8421
40-44,1996,Outside Marriage Joint Registrations,2517
40-44,1996,Outside Marriage Sole Registrations,578
40-44,1995,Within Marriage (or Civil Partnership),7944
40-44,1995,Outside Marriage Joint Registrations,2335
40-44,1995,Outside Marriage Sole Registrations,500
40-44,1994,Within Marriage (or Civil Partnership),7662
40-44,1994,Outside Marriage Joint Registrations,2084
40-44,1994,Outside Marriage Sole Registrations,495
40-44,1993,Within Marriage (or Civil Partnership),7621
40-44,1993,Outside Marriage Joint Registrations,1882
40-44,1993,Outside Marriage Sole Registrations,483
40-44,1992,Within Marriage (or Civil Partnership),7456
40-44,1992,Outside Marriage Joint Registrations,1811
40-44,1992,Outside Marriage Sole Registrations,429
40-44,1991,Within Marriage (or Civil Partnership),7294
40-44,1991,Outside Marriage Joint Registrations,1594
40-44,1991,Outside Marriage Sole Registrations,428
40-44,1990,Within Marriage (or Civil Partnership),7302
40-44,1990,Outside Marriage Joint Registrations,1505
40-44,1990,Outside Marriage Sole Registrations,413
40-44,1989,Within Marriage (or Civil Partnership),7079
40-44,1989,Outside Marriage Joint Registrations,1341
40-44,1989,Outside Marriage Sole Registrations,425
40-44,1988,Within Marriage (or Civil Partnership),7025
40-44,1988,Outside Marriage Joint Registrations,1159
40-44,1988,Outside Marriage Sole Registrations,336
40-44,1987,Within Marriage (or Civil Partnership),6751
40-44,1987,Outside Marriage Joint Registrations,1026
40-44,1987,Outside Marriage Sole Registrations,335
40-44,1986,Within Marriage (or Civil Partnership),5959
40-44,1986,Outside Marriage Joint Registrations,768
40-44,1986,Outside Marriage Sole Registrations,306
40-44,1985,Within Marriage (or Civil Partnership),5883
40-44,1985,Outside Marriage Joint Registrations,734
40-44,1985,Outside Marriage Sole Registrations,265
40-44,1984,Within Marriage (or Civil Partnership),5691
40-44,1984,Outside Marriage Joint Registrations,591
40-44,1984,Outside Marriage Sole Registrations,294
40-44,1983,Within Marriage (or Civil Partnership),5422
40-44,1983,Outside Marriage Joint Registrations,526
40-44,1983,Outside Marriage Sole Registrations,262
40-44,1982,Within Marriage (or Civil Partnership),5118
40-44,1982,Outside Marriage Joint Registrations,539
40-44,1982,Outside Marriage Sole Registrations,229
40-44,1981,Within Marriage (or Civil Partnership),5340
40-44,1981,Outside Marriage Joint Registrations,550
40-44,1981,Outside Marriage Sole Registrations,290
40-44,1980,Within Marriage (or Civil Partnership),5314
40-44,1980,Outside Marriage Joint Registrations,507
40-44,1980,Outside Marriage Sole Registrations,254
40-44,1979,Within Marriage (or Civil Partnership),5311
40-44,1979,Outside Marriage Joint Registrations,431
40-44,1979,Outside Marriage Sole Registrations,236
40-44,1978,Within Marriage (or Civil Partnership),5123
40-44,1978,Outside Marriage Joint Registrations,398
40-44,1978,Outside Marriage Sole Registrations,198
45 and over,2020,Within Marriage (or Civil Partnership),1396
45 and over,2020,Outside Marriage Joint Registrations,734
45 and over,2020,Outside Marriage Sole Registrations,209
45 and over,2019,Within Marriage (or Civil Partnership),1454
45 and over,2019,Outside Marriage Joint Registrations,723
45 and over,2019,Outside Marriage Sole Registrations,213
45 and over,2018,Within Marriage (or Civil Partnership),1452
45 and over,2018,Outside Marriage Joint Registrations,708
45 and over,2018,Outside Marriage Sole Registrations,206
45 and over,2017,Within Marriage (or Civil Partnership),1403
45 and over,2017,Outside Marriage Joint Registrations,746
45 and over,2017,Outside Marriage Sole Registrations,208
45 and over,2016,Within Marriage (or Civil Partnership),1404
45 and over,2016,Outside Marriage Joint Registrations,689
45 and over,2016,Outside Marriage Sole Registrations,193
45 and over,2015,Within Marriage (or Civil Partnership),1303
45 and over,2015,Outside Marriage Joint Registrations,690
45 and over,2015,Outside Marriage Sole Registrations,183
45 and over,2014,Within Marriage (or Civil Partnership),1187
45 and over,2014,Outside Marriage Joint Registrations,651
45 and over,2014,Outside Marriage Sole Registrations,151
45 and over,2013,Within Marriage (or Civil Partnership),1241
45 and over,2013,Outside Marriage Joint Registrations,623
45 and over,2013,Outside Marriage Sole Registrations,146
45 and over,2012,Within Marriage (or Civil Partnership),1240
45 and over,2012,Outside Marriage Joint Registrations,582
45 and over,2012,Outside Marriage Sole Registrations,153
45 and over,2011,Within Marriage (or Civil Partnership),1138
45 and over,2011,Outside Marriage Joint Registrations,575
45 and over,2011,Outside Marriage Sole Registrations,119
45 and over,2010,Within Marriage (or Civil Partnership),1148
45 and over,2010,Outside Marriage Joint Registrations,510
45 and over,2010,Outside Marriage Sole Registrations,100
45 and over,2009,Within Marriage (or Civil Partnership),1040
45 and over,2009,Outside Marriage Joint Registrations,473
45 and over,2009,Outside Marriage Sole Registrations,106
45 and over,2008,Within Marriage (or Civil Partnership),940
45 and over,2008,Outside Marriage Joint Registrations,400
45 and over,2008,Outside Marriage Sole Registrations,88
45 and over,2007,Within Marriage (or Civil Partnership),874
45 and over,2007,Outside Marriage Joint Registrations,350
45 and over,2007,Outside Marriage Sole Registrations,85
45 and over,2006,Within Marriage (or Civil Partnership),776
45 and over,2006,Outside Marriage Joint Registrations,337
45 and over,2006,Outside Marriage Sole Registrations,81
45 and over,2005,Within Marriage (or Civil Partnership),738
45 and over,2005,Outside Marriage Joint Registrations,299
45 and over,2005,Outside Marriage Sole Registrations,54
45 and over,2004,Within Marriage (or Civil Partnership),619
45 and over,2004,Outside Marriage Joint Registrations,235
45 and over,2004,Outside Marriage Sole Registrations,55
45 and over,2003,Within Marriage (or Civil Partnership),615
45 and over,2003,Outside Marriage Joint Registrations,212
45 and over,2003,Outside Marriage Sole Registrations,48
45 and over,2002,Within Marriage (or Civil Partnership),641
45 and over,2002,Outside Marriage Joint Registrations,217
45 and over,2002,Outside Marriage Sole Registrations,37
45 and over,2001,Within Marriage (or Civil Partnership),547
45 and over,2001,Outside Marriage Joint Registrations,168
45 and over,2001,Outside Marriage Sole Registrations,46
45 and over,2000,Within Marriage (or Civil Partnership),480
45 and over,2000,Outside Marriage Joint Registrations,158
45 and over,2000,Outside Marriage Sole Registrations,25
45 and over,1999,Within Marriage (or Civil Partnership),478
45 and over,1999,Outside Marriage Joint Registrations,128
45 and over,1999,Outside Marriage Sole Registrations,29
45 and over,1998,Within Marriage (or Civil Partnership),433
45 and over,1998,Outside Marriage Joint Registrations,114
45 and over,1998,Outside Marriage Sole Registrations,28
45 and over,1997,Within Marriage (or Civil Partnership),428
45 and over,1997,Outside Marriage Joint Registrations,122
45 and over,1997,Outside Marriage Sole Registrations,32
45 and over,1996,Within Marriage (or Civil Partnership),452
45 and over,1996,Outside Marriage Joint Registrations,107
45 and over,1996,Outside Marriage Sole Registrations,28
45 and over,1995,Within Marriage (or Civil Partnership),409
45 and over,1995,Outside Marriage Joint Registrations,99
45 and over,1995,Outside Marriage Sole Registrations,32
45 and over,1994,Within Marriage (or Civil Partnership),366
45 and over,1994,Outside Marriage Joint Registrations,97
45 and over,1994,Outside Marriage Sole Registrations,25
45 and over,1993,Within Marriage (or Civil Partnership),427
45 and over,1993,Outside Marriage Joint Registrations,85
45 and over,1993,Outside Marriage Sole Registrations,27
45 and over,1992,Within Marriage (or Civil Partnership),403
45 and over,1992,Outside Marriage Joint Registrations,78
45 and over,1992,Outside Marriage Sole Registrations,20
45 and over,1991,Within Marriage (or Civil Partnership),443
45 and over,1991,Outside Marriage Joint Registrations,60
45 and over,1991,Outside Marriage Sole Registrations,16
45 and over,1990,Within Marriage (or Civil Partnership),429
45 and over,1990,Outside Marriage Joint Registrations,55
45 and over,1990,Outside Marriage Sole Registrations,13
45 and over,1989,Within Marriage (or Civil Partnership),431
45 and over,1989,Outside Marriage Joint Registrations,49
45 and over,1989,Outside Marriage Sole Registrations,11
45 and over,1988,Within Marriage (or Civil Partnership),450
45 and over,1988,Outside Marriage Joint Registrations,44
45 and over,1988,Outside Marriage Sole Registrations,13
45 and over,1987,Within Marriage (or Civil Partnership),485
45 and over,1987,Outside Marriage Joint Registrations,31
45 and over,1987,Outside Marriage Sole Registrations,15
45 and over,1986,Within Marriage (or Civil Partnership),491
45 and over,1986,Outside Marriage Joint Registrations,26
45 and over,1986,Outside Marriage Sole Registrations,11
45 and over,1985,Within Marriage (or Civil Partnership),538
45 and over,1985,Outside Marriage Joint Registrations,33
45 and over,1985,Outside Marriage Sole Registrations,13
45 and over,1984,Within Marriage (or Civil Partnership),507
45 and over,1984,Outside Marriage Joint Registrations,27
45 and over,1984,Outside Marriage Sole Registrations,19
45 and over,1983,Within Marriage (or Civil Partnership),612
45 and over,1983,Outside Marriage Joint Registrations,34
45 and over,1983,Outside Marriage Sole Registrations,16
45 and over,1982,Within Marriage (or Civil Partnership),575
45 and over,1982,Outside Marriage Joint Registrations,45
45 and over,1982,Outside Marriage Sole Registrations,13
45 and over,1981,Within Marriage (or Civil Partnership),680
45 and over,1981,Outside Marriage Joint Registrations,20
45 and over,1981,Outside Marriage Sole Registrations,0
45 and over,1980,Within Marriage (or Civil Partnership),578
45 and over,1980,Outside Marriage Joint Registrations,30
45 and over,1980,Outside Marriage Sole Registrations,17
45 and over,1979,Within Marriage (or Civil Partnership),489
45 and over,1979,Outside Marriage Joint Registrations,31
45 and over,1979,Outside Marriage Sole Registrations,18
45 and over,1978,Within Marriage (or Civil Partnership),479
45 and over,1978,Outside Marriage Joint Registrations,27
45 and over,1978,Outside Marriage Sole Registrations,17