Gender,Year,Mean age of parenthood,Age,Age-specific fertility rate
Male,2020,33.7,19 and under,3.8
Male,2019,33.6,19 and under,4.3
Male,2018,33.6,19 and under,4.4
Male,2017,33.4,19 and under,5.4
Male,2016,33.3,19 and under,5.7
Male,2015,33.2,19 and under,5.9
Male,2014,33.1,19 and under,6.3
Male,2013,32.9,19 and under,7.2
Male,2012,32.7,19 and under,8.3
Male,2011,32.6,19 and under,8.7
Male,2010,32.5,19 and under,9.4
Male,2009,32.4,19 and under,10
Male,2008,32.3,19 and under,10.1
Male,2007,32.3,19 and under,9.8
Male,2006,32.2,19 and under,10
Male,2005,32.2,19 and under,9.9
Male,2004,32.1,19 and under,9.8
Male,2003,32,19 and under,9.5
Male,2002,31.9,19 and under,9.4
Male,2001,31.8,19 and under,9.7
Male,2000,31.7,19 and under,10.1
Male,1999,31.6,19 and under,10.6
Male,1998,31.5,19 and under,10.2
Male,1997,31.5,19 and under,9.6
Male,1996,31.4,19 and under,9.3
Male,1995,31.3,19 and under,9
Male,1994,31.3,19 and under,9
Male,1993,31.1,19 and under,10
Male,1992,30.9,19 and under,10.8
Male,1991,30.8,19 and under,11.3
Male,1990,30.7,19 and under,11.7
Male,1989,30.7,19 and under,11.2
Male,1988,30.5,19 and under,11.6
Male,1987,30.5,19 and under,11
Male,1986,30.4,19 and under,10.9
Male,1985,30.3,19 and under,10.6
Male,1984,30.3,19 and under,10.1
Male,1983,30.2,19 and under,9.6
Male,1982,30.1,19 and under,9.6
Male,1981,30,19 and under,9.6
Male,1980,29.8,19 and under,10.4
Male,1979,29.8,19 and under,10.2
Male,1978,29.7,19 and under,9.8
Male,1977,29.7,19 and under,9.8
Male,1976,29.6,19 and under,10.8
Male,1975,29.5,19 and under,12
Male,1974,29.4,19 and under,12.9
Male,1973,29.5,19 and under,13.8
Male,1972,29.6,19 and under,14.6
Male,1971,29.6,19 and under,15
Male,1970,29.7,19 and under,14.8
Male,1969,29.8,19 and under,14.9
Male,1968,29.9,19 and under,14.7
Male,1967,30,19 and under,14.5
Male,1966,30.1,19 and under,13.7
Male,1965,30.2,19 and under,12.2
Male,1964,30.3,19 and under,10.9
Male,2020,33.7,20 - 24,24.8
Male,2019,33.6,20 - 24,27.5
Male,2018,33.6,20 - 24,28.8
Male,2017,33.4,20 - 24,31.6
Male,2016,33.3,20 - 24,33.6
Male,2015,33.2,20 - 24,35.7
Male,2014,33.1,20 - 24,37.7
Male,2013,32.9,20 - 24,40.4
Male,2012,32.7,20 - 24,44.9
Male,2011,32.6,20 - 24,46.2
Male,2010,32.5,20 - 24,48.6
Male,2009,32.4,20 - 24,49.1
Male,2008,32.3,20 - 24,48.5
Male,2007,32.3,20 - 24,46.9
Male,2006,32.2,20 - 24,46.4
Male,2005,32.2,20 - 24,45.4
Male,2004,32.1,20 - 24,46.2
Male,2003,32,20 - 24,45.3
Male,2002,31.9,20 - 24,43.8
Male,2001,31.8,20 - 24,43.8
Male,2000,31.7,20 - 24,44.6
Male,1999,31.6,20 - 24,46.6
Male,1998,31.5,20 - 24,48
Male,1997,31.5,20 - 24,49
Male,1996,31.4,20 - 24,49.9
Male,1995,31.3,20 - 24,49.6
Male,1994,31.3,20 - 24,51.7
Male,1993,31.1,20 - 24,54.6
Male,1992,30.9,20 - 24,58.8
Male,1991,30.8,20 - 24,60.2
Male,1990,30.7,20 - 24,61.4
Male,1989,30.7,20 - 24,61.5
Male,1988,30.5,20 - 24,63.9
Male,1987,30.5,20 - 24,62.3
Male,1986,30.4,20 - 24,61.8
Male,1985,30.3,20 - 24,62.2
Male,1984,30.3,20 - 24,61.6
Male,1983,30.2,20 - 24,63.2
Male,1982,30.1,20 - 24,65.7
Male,1981,30,20 - 24,67.1
Male,1980,29.8,20 - 24,72.3
Male,1979,29.8,20 - 24,70.7
Male,1978,29.7,20 - 24,67.7
Male,1977,29.7,20 - 24,65.8
Male,1976,29.6,20 - 24,70.2
Male,1975,29.5,20 - 24,75.1
Male,1974,29.4,20 - 24,82.1
Male,1973,29.5,20 - 24,88.2
Male,1972,29.6,20 - 24,97
Male,1971,29.6,20 - 24,105.9
Male,1970,29.7,20 - 24,105.7
Male,1969,29.8,20 - 24,105.3
Male,1968,29.9,20 - 24,106.9
Male,1967,30,20 - 24,108.5
Male,1966,30.1,20 - 24,112.7
Male,1965,30.2,20 - 24,112.6
Male,1964,30.3,20 - 24,112.8
Male,2020,33.7,25 - 29,62.2
Male,2019,33.6,25 - 29,66.6
Male,2018,33.6,25 - 29,69.4
Male,2017,33.4,25 - 29,73.2
Male,2016,33.3,25 - 29,75.9
Male,2015,33.2,25 - 29,77.9
Male,2014,33.1,25 - 29,79.2
Male,2013,32.9,25 - 29,80.3
Male,2012,32.7,25 - 29,84.1
Male,2011,32.6,25 - 29,83.8
Male,2010,32.5,25 - 29,84.6
Male,2009,32.4,25 - 29,83.1
Male,2008,32.3,25 - 29,83.9
Male,2007,32.3,25 - 29,81.8
Male,2006,32.2,25 - 29,80.4
Male,2005,32.2,25 - 29,78.2
Male,2004,32.1,25 - 29,79.1
Male,2003,32,25 - 29,77.7
Male,2002,31.9,25 - 29,75.8
Male,2001,31.8,25 - 29,77
Male,2000,31.7,25 - 29,79.9
Male,1999,31.6,25 - 29,85.2
Male,1998,31.5,25 - 29,88.6
Male,1997,31.5,25 - 29,90.7
Male,1996,31.4,25 - 29,93
Male,1995,31.3,25 - 29,94.1
Male,1994,31.3,25 - 29,98.3
Male,1993,31.1,25 - 29,101.1
Male,1992,30.9,25 - 29,106.2
Male,1991,30.8,25 - 29,108.2
Male,1990,30.7,25 - 29,111.1
Male,1989,30.7,25 - 29,110.7
Male,1988,30.5,25 - 29,114.7
Male,1987,30.5,25 - 29,116
Male,1986,30.4,25 - 29,115.3
Male,1985,30.3,25 - 29,118.5
Male,1984,30.3,25 - 29,118.3
Male,1983,30.2,25 - 29,120.3
Male,1982,30.1,25 - 29,120.8
Male,1981,30,25 - 29,124.6
Male,1980,29.8,25 - 29,128.7
Male,1979,29.8,25 - 29,126.1
Male,1978,29.7,25 - 29,119.9
Male,1977,29.7,25 - 29,115.1
Male,1976,29.6,25 - 29,117.9
Male,1975,29.5,25 - 29,122.3
Male,1974,29.4,25 - 29,130.6
Male,1973,29.5,25 - 29,137.4
Male,1972,29.6,25 - 29,146.2
Male,1971,29.6,25 - 29,160.5
Male,1970,29.7,25 - 29,162.1
Male,1969,29.8,25 - 29,165.6
Male,1968,29.9,25 - 29,172.7
Male,1967,30,25 - 29,176.6
Male,1966,30.1,25 - 29,184
Male,1965,30.2,25 - 29,187.4
Male,1964,30.3,25 - 29,190.9
Male,2020,33.7,30 - 34,96.4
Male,2019,33.6,30 - 34,99.5
Male,2018,33.6,30 - 34,101.7
Male,2017,33.4,30 - 34,104.3
Male,2016,33.3,30 - 34,106.2
Male,2015,33.2,30 - 34,107.1
Male,2014,33.1,30 - 34,106.7
Male,2013,32.9,30 - 34,107.5
Male,2012,32.7,30 - 34,111.6
Male,2011,32.6,30 - 34,110.5
Male,2010,32.5,30 - 34,111.3
Male,2009,32.4,30 - 34,108.6
Male,2008,32.3,30 - 34,110.9
Male,2007,32.3,30 - 34,109.4
Male,2006,32.2,30 - 34,106.3
Male,2005,32.2,30 - 34,102.6
Male,2004,32.1,30 - 34,102.2
Male,2003,32,30 - 34,99.1
Male,2002,31.9,30 - 34,94.6
Male,2001,31.8,30 - 34,93.6
Male,2000,31.7,30 - 34,94.6
Male,1999,31.6,30 - 34,96.7
Male,1998,31.5,30 - 34,98.9
Male,1997,31.5,30 - 34,99.2
Male,1996,31.4,30 - 34,100.5
Male,1995,31.3,30 - 34,100.7
Male,1994,31.3,30 - 34,103.3
Male,1993,31.1,30 - 34,103.2
Male,1992,30.9,30 - 34,102.6
Male,1991,30.8,30 - 34,105.3
Male,1990,30.7,30 - 34,106.9
Male,1989,30.7,30 - 34,103.9
Male,1988,30.5,30 - 34,104.4
Male,1987,30.5,30 - 34,103.2
Male,1986,30.4,30 - 34,100
Male,1985,30.3,30 - 34,99.1
Male,1984,30.3,30 - 34,96.3
Male,1983,30.2,30 - 34,94.6
Male,1982,30.1,30 - 34,92.6
Male,1981,30,30 - 34,92.2
Male,1980,29.8,30 - 34,95.3
Male,1979,29.8,30 - 34,93.6
Male,1978,29.7,30 - 34,86.7
Male,1977,29.7,30 - 34,82.5
Male,1976,29.6,30 - 34,82.5
Male,1975,29.5,30 - 34,84.1
Male,1974,29.4,30 - 34,87.9
Male,1973,29.5,30 - 34,92.8
Male,1972,29.6,30 - 34,100.5
Male,1971,29.6,30 - 34,110.2
Male,1970,29.7,30 - 34,113.4
Male,1969,29.8,30 - 34,117.8
Male,1968,29.9,30 - 34,122.4
Male,1967,30,30 - 34,125.8
Male,1966,30.1,30 - 34,129.8
Male,1965,30.2,30 - 34,135.8
Male,1964,30.3,30 - 34,140.3
Male,2020,33.7,35 - 39,73.3
Male,2019,33.6,35 - 39,76.3
Male,2018,33.6,35 - 39,78.5
Male,2017,33.4,35 - 39,80.8
Male,2016,33.3,35 - 39,83.3
Male,2015,33.2,35 - 39,83.6
Male,2014,33.1,35 - 39,82.3
Male,2013,32.9,35 - 39,81.2
Male,2012,32.7,35 - 39,83.5
Male,2011,32.6,35 - 39,81.2
Male,2010,32.5,35 - 39,80.3
Male,2009,32.4,35 - 39,77.5
Male,2008,32.3,35 - 39,77.4
Male,2007,32.3,35 - 39,75.4
Male,2006,32.2,35 - 39,72.4
Male,2005,32.2,35 - 39,68.6
Male,2004,32.1,35 - 39,67.3
Male,2003,32,35 - 39,64.3
Male,2002,31.9,35 - 39,60.8
Male,2001,31.8,35 - 39,59.6
Male,2000,31.7,35 - 39,60.3
Male,1999,31.6,35 - 39,60.3
Male,1998,31.5,35 - 39,60.5
Male,1997,31.5,35 - 39,60
Male,1996,31.4,35 - 39,58.6
Male,1995,31.3,35 - 39,57.5
Male,1994,31.3,35 - 39,57.8
Male,1993,31.1,35 - 39,56.2
Male,1992,30.9,35 - 39,54.9
Male,1991,30.8,35 - 39,54.4
Male,1990,30.7,35 - 39,53.8
Male,1989,30.7,35 - 39,51.5
Male,1988,30.5,35 - 39,50
Male,1987,30.5,35 - 39,48.3
Male,1986,30.4,35 - 39,45.2
Male,1985,30.3,35 - 39,44.8
Male,1984,30.3,35 - 39,43.4
Male,1983,30.2,35 - 39,42.9
Male,1982,30.1,35 - 39,42.4
Male,1981,30,35 - 39,41.6
Male,1980,29.8,35 - 39,42.6
Male,1979,29.8,35 - 39,41.5
Male,1978,29.7,35 - 39,38.1
Male,1977,29.7,35 - 39,35.6
Male,1976,29.6,35 - 39,36.3
Male,1975,29.5,35 - 39,37.5
Male,1974,29.4,35 - 39,40
Male,1973,29.5,35 - 39,43.7
Male,1972,29.6,35 - 39,49.2
Male,1971,29.6,35 - 39,54.6
Male,1970,29.7,35 - 39,56.9
Male,1969,29.8,35 - 39,59.7
Male,1968,29.9,35 - 39,63.1
Male,1967,30,35 - 39,66
Male,1966,30.1,35 - 39,69.1
Male,1965,30.2,35 - 39,73.3
Male,1964,30.3,35 - 39,75.1
Male,2020,33.7,40 - 44,34.3
Male,2019,33.6,40 - 44,35.6
Male,2018,33.6,40 - 44,35.9
Male,2017,33.4,40 - 44,36.9
Male,2016,33.3,40 - 44,37
Male,2015,33.2,40 - 44,36
Male,2014,33.1,40 - 44,35.5
Male,2013,32.9,40 - 44,34.8
Male,2012,32.7,40 - 44,35.8
Male,2011,32.6,40 - 44,35
Male,2010,32.5,40 - 44,34
Male,2009,32.4,40 - 44,32.9
Male,2008,32.3,40 - 44,32.4
Male,2007,32.3,40 - 44,31.7
Male,2006,32.2,40 - 44,30.3
Male,2005,32.2,40 - 44,29.3
Male,2004,32.1,40 - 44,28.5
Male,2003,32,40 - 44,27.3
Male,2002,31.9,40 - 44,25.3
Male,2001,31.8,40 - 44,24.6
Male,2000,31.7,40 - 44,24.1
Male,1999,31.6,40 - 44,23.9
Male,1998,31.5,40 - 44,23.6
Male,1997,31.5,40 - 44,23.2
Male,1996,31.4,40 - 44,22.4
Male,1995,31.3,40 - 44,21.6
Male,1994,31.3,40 - 44,21.2
Male,1993,31.1,40 - 44,20.5
Male,1992,30.9,40 - 44,20.5
Male,1991,30.8,40 - 44,19.2
Male,1990,30.7,40 - 44,19.1
Male,1989,30.7,40 - 44,18.5
Male,1988,30.5,40 - 44,18.3
Male,1987,30.5,40 - 44,17.9
Male,1986,30.4,40 - 44,17.6
Male,1985,30.3,40 - 44,17.6
Male,1984,30.3,40 - 44,17.3
Male,1983,30.2,40 - 44,16.9
Male,1982,30.1,40 - 44,16.6
Male,1981,30,40 - 44,16.3
Male,1980,29.8,40 - 44,16.7
Male,1979,29.8,40 - 44,16.3
Male,1978,29.7,40 - 44,15.2
Male,1977,29.7,40 - 44,14.3
Male,1976,29.6,40 - 44,14.5
Male,1975,29.5,40 - 44,15.2
Male,1974,29.4,40 - 44,16.2
Male,1973,29.5,40 - 44,17.9
Male,1972,29.6,40 - 44,20.3
Male,1971,29.6,40 - 44,22.8
Male,1970,29.7,40 - 44,23.8
Male,1969,29.8,40 - 44,25.3
Male,1968,29.9,40 - 44,26.9
Male,1967,30,40 - 44,28.2
Male,1966,30.1,40 - 44,28.9
Male,1965,30.2,40 - 44,30.3
Male,1964,30.3,40 - 44,31.6
Male,2020,33.7,45 - 49,11.2
Male,2019,33.6,45 - 49,11.6
Male,2018,33.6,45 - 49,11.8
Male,2017,33.4,45 - 49,12.1
Male,2016,33.3,45 - 49,12
Male,2015,33.2,45 - 49,11.8
Male,2014,33.1,45 - 49,11.7
Male,2013,32.9,45 - 49,11.4
Male,2012,32.7,45 - 49,11.9
Male,2011,32.6,45 - 49,11.6
Male,2010,32.5,45 - 49,11.4
Male,2009,32.4,45 - 49,11.2
Male,2008,32.3,45 - 49,11.1
Male,2007,32.3,45 - 49,10.7
Male,2006,32.2,45 - 49,10.2
Male,2005,32.2,45 - 49,9.7
Male,2004,32.1,45 - 49,9.4
Male,2003,32,45 - 49,8.8
Male,2002,31.9,45 - 49,8.1
Male,2001,31.8,45 - 49,7.9
Male,2000,31.7,45 - 49,7.8
Male,1999,31.6,45 - 49,7.6
Male,1998,31.5,45 - 49,7.6
Male,1997,31.5,45 - 49,7.3
Male,1996,31.4,45 - 49,7
Male,1995,31.3,45 - 49,6.9
Male,1994,31.3,45 - 49,6.9
Male,1993,31.1,45 - 49,6.9
Male,1992,30.9,45 - 49,6.8
Male,1991,30.8,45 - 49,6.9
Male,1990,30.7,45 - 49,7.1
Male,1989,30.7,45 - 49,7.1
Male,1988,30.5,45 - 49,7
Male,1987,30.5,45 - 49,7.2
Male,1986,30.4,45 - 49,7
Male,1985,30.3,45 - 49,7.1
Male,1984,30.3,45 - 49,6.8
Male,1983,30.2,45 - 49,6.7
Male,1982,30.1,45 - 49,6.4
Male,1981,30,45 - 49,6.1
Male,1980,29.8,45 - 49,6.1
Male,1979,29.8,45 - 49,5.8
Male,1978,29.7,45 - 49,5.4
Male,1977,29.7,45 - 49,5.1
Male,1976,29.6,45 - 49,5.3
Male,1975,29.5,45 - 49,5.4
Male,1974,29.4,45 - 49,5.7
Male,1973,29.5,45 - 49,6.1
Male,1972,29.6,45 - 49,6.7
Male,1971,29.6,45 - 49,7.4
Male,1970,29.7,45 - 49,7.6
Male,1969,29.8,45 - 49,8.2
Male,1968,29.9,45 - 49,9.1
Male,1967,30,45 - 49,10.2
Male,1966,30.1,45 - 49,10.7
Male,1965,30.2,45 - 49,11.5
Male,1964,30.3,45 - 49,11.6
Male,2020,33.7,50 - 54,3.5
Male,2019,33.6,50 - 54,3.6
Male,2018,33.6,50 - 54,3.6
Male,2017,33.4,50 - 54,3.7
Male,2016,33.3,50 - 54,3.8
Male,2015,33.2,50 - 54,3.8
Male,2014,33.1,50 - 54,3.8
Male,2013,32.9,50 - 54,3.7
Male,2012,32.7,50 - 54,3.9
Male,2011,32.6,50 - 54,3.7
Male,2010,32.5,50 - 54,3.6
Male,2009,32.4,50 - 54,3.5
Male,2008,32.3,50 - 54,3.4
Male,2007,32.3,50 - 54,3.3
Male,2006,32.2,50 - 54,3.2
Male,2005,32.2,50 - 54,3
Male,2004,32.1,50 - 54,2.8
Male,2003,32,50 - 54,2.7
Male,2002,31.9,50 - 54,2.5
Male,2001,31.8,50 - 54,2.5
Male,2000,31.7,50 - 54,2.5
Male,1999,31.6,50 - 54,2.5
Male,1998,31.5,50 - 54,2.5
Male,1997,31.5,50 - 54,2.6
Male,1996,31.4,50 - 54,2.6
Male,1995,31.3,50 - 54,2.5
Male,1994,31.3,50 - 54,2.6
Male,1993,31.1,50 - 54,2.7
Male,1992,30.9,50 - 54,2.7
Male,1991,30.8,50 - 54,2.9
Male,1990,30.7,50 - 54,3
Male,1989,30.7,50 - 54,2.9
Male,1988,30.5,50 - 54,2.9
Male,1987,30.5,50 - 54,2.9
Male,1986,30.4,50 - 54,2.7
Male,1985,30.3,50 - 54,2.6
Male,1984,30.3,50 - 54,2.5
Male,1983,30.2,50 - 54,2.5
Male,1982,30.1,50 - 54,2.3
Male,1981,30,50 - 54,2.2
Male,1980,29.8,50 - 54,2.1
Male,1979,29.8,50 - 54,2
Male,1978,29.7,50 - 54,1.9
Male,1977,29.7,50 - 54,1.7
Male,1976,29.6,50 - 54,1.7
Male,1975,29.5,50 - 54,1.8
Male,1974,29.4,50 - 54,1.8
Male,1973,29.5,50 - 54,2.1
Male,1972,29.6,50 - 54,2.3
Male,1971,29.6,50 - 54,2.5
Male,1970,29.7,50 - 54,2.5
Male,1969,29.8,50 - 54,2.8
Male,1968,29.9,50 - 54,2.9
Male,1967,30,50 - 54,3.1
Male,1966,30.1,50 - 54,3.3
Male,1965,30.2,50 - 54,3.5
Male,1964,30.3,50 - 54,3.7
Male,2020,33.7,55 - 59,1.2
Male,2019,33.6,55 - 59,1.2
Male,2018,33.6,55 - 59,1.2
Male,2017,33.4,55 - 59,1.3
Male,2016,33.3,55 - 59,1.3
Male,2015,33.2,55 - 59,1.2
Male,2014,33.1,55 - 59,1.2
Male,2013,32.9,55 - 59,1.2
Male,2012,32.7,55 - 59,1.2
Male,2011,32.6,55 - 59,1.2
Male,2010,32.5,55 - 59,1.1
Male,2009,32.4,55 - 59,1.1
Male,2008,32.3,55 - 59,1.1
Male,2007,32.3,55 - 59,1
Male,2006,32.2,55 - 59,1
Male,2005,32.2,55 - 59,1
Male,2004,32.1,55 - 59,1
Male,2003,32,55 - 59,0.9
Male,2002,31.9,55 - 59,0.9
Male,2001,31.8,55 - 59,0.9
Male,2000,31.7,55 - 59,0.9
Male,1999,31.6,55 - 59,1
Male,1998,31.5,55 - 59,1
Male,1997,31.5,55 - 59,1
Male,1996,31.4,55 - 59,1.1
Male,1995,31.3,55 - 59,1.1
Male,1994,31.3,55 - 59,1.1
Male,1993,31.1,55 - 59,1.1
Male,1992,30.9,55 - 59,1.1
Male,1991,30.8,55 - 59,1.2
Male,1990,30.7,55 - 59,1.1
Male,1989,30.7,55 - 59,1.1
Male,1988,30.5,55 - 59,1.1
Male,1987,30.5,55 - 59,1.1
Male,1986,30.4,55 - 59,1
Male,1985,30.3,55 - 59,1
Male,1984,30.3,55 - 59,0.9
Male,1983,30.2,55 - 59,0.8
Male,1982,30.1,55 - 59,0.7
Male,1981,30,55 - 59,0.7
Male,1980,29.8,55 - 59,0.7
Male,1979,29.8,55 - 59,0.7
Male,1978,29.7,55 - 59,0.6
Male,1977,29.7,55 - 59,0.6
Male,1976,29.6,55 - 59,0.6
Male,1975,29.5,55 - 59,0.7
Male,1974,29.4,55 - 59,0.6
Male,1973,29.5,55 - 59,0.7
Male,1972,29.6,55 - 59,0.7
Male,1971,29.6,55 - 59,0.8
Male,1970,29.7,55 - 59,0.9
Male,1969,29.8,55 - 59,0.9
Male,1968,29.9,55 - 59,0.9
Male,1967,30,55 - 59,1
Male,1966,30.1,55 - 59,1
Male,1965,30.2,55 - 59,1.1
Male,1964,30.3,55 - 59,1.1
Male,2020,33.7,60 and over,0.5
Male,2019,33.6,60 and over,0.5
Male,2018,33.6,60 and over,0.5
Male,2017,33.4,60 and over,0.6
Male,2016,33.3,60 and over,0.6
Male,2015,33.2,60 and over,0.6
Male,2014,33.1,60 and over,0.6
Male,2013,32.9,60 and over,0.6
Male,2012,32.7,60 and over,0.6
Male,2011,32.6,60 and over,0.5
Male,2010,32.5,60 and over,0.5
Male,2009,32.4,60 and over,0.5
Male,2008,32.3,60 and over,0.5
Male,2007,32.3,60 and over,0.5
Male,2006,32.2,60 and over,0.6
Male,2005,32.2,60 and over,0.6
Male,2004,32.1,60 and over,0.6
Male,2003,32,60 and over,0.6
Male,2002,31.9,60 and over,0.6
Male,2001,31.8,60 and over,0.6
Male,2000,31.7,60 and over,0.5
Male,1999,31.6,60 and over,0.5
Male,1998,31.5,60 and over,0.6
Male,1997,31.5,60 and over,0.5
Male,1996,31.4,60 and over,0.6
Male,1995,31.3,60 and over,0.6
Male,1994,31.3,60 and over,0.6
Male,1993,31.1,60 and over,0.7
Male,1992,30.9,60 and over,0.6
Male,1991,30.8,60 and over,0.6
Male,1990,30.7,60 and over,0.6
Male,1989,30.7,60 and over,0.6
Male,1988,30.5,60 and over,0.5
Male,1987,30.5,60 and over,0.5
Male,1986,30.4,60 and over,0.4
Male,1985,30.3,60 and over,0.4
Male,1984,30.3,60 and over,0.4
Male,1983,30.2,60 and over,0.3
Male,1982,30.1,60 and over,0.4
Male,1981,30,60 and over,0.3
Male,1980,29.8,60 and over,0.4
Male,1979,29.8,60 and over,0.3
Male,1978,29.7,60 and over,0.3
Male,1977,29.7,60 and over,0.3
Male,1976,29.6,60 and over,0.3
Male,1975,29.5,60 and over,0.3
Male,1974,29.4,60 and over,0.3
Male,1973,29.5,60 and over,0.3
Male,1972,29.6,60 and over,0.3
Male,1971,29.6,60 and over,0.4
Male,1970,29.7,60 and over,0.3
Male,1969,29.8,60 and over,0.4
Male,1968,29.9,60 and over,0.4
Male,1967,30,60 and over,0.4
Male,1966,30.1,60 and over,0.4
Male,1965,30.2,60 and over,0.5
Male,1964,30.3,60 and over,0.5
Female,2020,1.6,19 and under,10.1
Female,2019,1.65,19 and under,11.2
Female,2018,1.7,19 and under,11.9
Female,2017,1.76,19 and under,12.7
Female,2016,1.81,19 and under,13.7
Female,2015,1.82,19 and under,14.5
Female,2014,1.83,19 and under,15.6
Female,2013,1.85,19 and under,17.4
Female,2012,1.94,19 and under,19.9
Female,2011,1.93,19 and under,21.2
Female,2010,1.94,19 and under,23.4
Female,2009,1.9,19 and under,24.8
Female,2008,1.92,19 and under,25.7
Female,2007,1.88,19 and under,25.9
Female,2006,1.83,19 and under,26.6
Female,2005,1.77,19 and under,26.4
Female,2004,1.77,19 and under,26.9
Female,2003,1.72,19 and under,26.9
Female,2002,1.64,19 and under,27.1
Female,2001,1.63,19 and under,28
Female,2000,1.65,19 and under,29.3
Female,1999,1.7,19 and under,30.9
Female,1998,1.73,19 and under,30.9
Female,1997,1.73,19 and under,30.2
Female,1996,1.74,19 and under,29.7
Female,1995,1.72,19 and under,28.5
Female,1994,1.75,19 and under,28.9
Female,1993,1.76,19 and under,30.9
Female,1992,1.8,19 and under,31.7
Female,1991,1.82,19 and under,33
Female,1990,1.84,19 and under,33.3
Female,1989,1.8,19 and under,32
Female,1988,1.82,19 and under,32.5
Female,1987,1.81,19 and under,30.9
Female,1986,1.77,19 and under,30.1
Female,1985,1.78,19 and under,29.4
Female,1984,1.75,19 and under,27.6
Female,1983,1.76,19 and under,26.9
Female,1982,1.76,19 and under,27.4
Female,1981,1.8,19 and under,28.1
Female,1980,1.88,19 and under,30.4
Female,1979,1.84,19 and under,30.3
Female,1978,1.73,19 and under,29.4
Female,1977,1.66,19 and under,29.4
Female,1976,1.71,19 and under,32.2
Female,1975,1.78,19 and under,36.4
Female,1974,1.89,19 and under,40.5
Female,1973,2,19 and under,43.9
Female,1972,2.17,19 and under,48
Female,1971,2.37,19 and under,50.6
Female,1970,2.4,19 and under,49.6
Female,1969,2.47,19 and under,49.6
Female,1968,2.57,19 and under,49
Female,1967,2.65,19 and under,48.9
Female,1966,2.75,19 and under,47.7
Female,1965,2.85,19 and under,45.1
Female,1964,2.93,19 and under,42.5
Female,2020,1.6,20 - 24,45.7
Female,2019,1.65,20 - 24,48.4
Female,2018,1.7,20 - 24,50.5
Female,2017,1.76,20 - 24,53.7
Female,2016,1.81,20 - 24,55.8
Female,2015,1.82,20 - 24,58
Female,2014,1.83,20 - 24,60.1
Female,2013,1.85,20 - 24,63.7
Female,2012,1.94,20 - 24,69.9
Female,2011,1.93,20 - 24,71.6
Female,2010,1.94,20 - 24,74.1
Female,2009,1.9,20 - 24,73.9
Female,2008,1.92,20 - 24,74.1
Female,2007,1.88,20 - 24,72.6
Female,2006,1.83,20 - 24,72.1
Female,2005,1.77,20 - 24,70.5
Female,2004,1.77,20 - 24,71.8
Female,2003,1.72,20 - 24,70.5
Female,2002,1.64,20 - 24,68.6
Female,2001,1.63,20 - 24,69
Female,2000,1.65,20 - 24,70
Female,1999,1.7,20 - 24,73
Female,1998,1.73,20 - 24,74.9
Female,1997,1.73,20 - 24,76
Female,1996,1.74,20 - 24,77
Female,1995,1.72,20 - 24,76.4
Female,1994,1.75,20 - 24,79
Female,1993,1.76,20 - 24,82.5
Female,1992,1.8,20 - 24,86.1
Female,1991,1.82,20 - 24,89.3
Female,1990,1.84,20 - 24,91.4
Female,1989,1.8,20 - 24,91.7
Female,1988,1.82,20 - 24,94.6
Female,1987,1.81,20 - 24,93.3
Female,1986,1.77,20 - 24,92.7
Female,1985,1.78,20 - 24,94.6
Female,1984,1.75,20 - 24,95.6
Female,1983,1.76,20 - 24,98.6
Female,1982,1.76,20 - 24,101.6
Female,1981,1.8,20 - 24,105.3
Female,1980,1.88,20 - 24,112.7
Female,1979,1.84,20 - 24,111.3
Female,1978,1.73,20 - 24,106.9
Female,1977,1.66,20 - 24,103.7
Female,1976,1.71,20 - 24,109.3
Female,1975,1.78,20 - 24,114.1
Female,1974,1.89,20 - 24,123.2
Female,1973,2,20 - 24,130.2
Female,1972,2.17,20 - 24,140.4
Female,1971,2.37,20 - 24,152.9
Female,1970,2.4,20 - 24,155
Female,1969,2.47,20 - 24,156.2
Female,1968,2.57,20 - 24,162.3
Female,1967,2.65,20 - 24,166.5
Female,1966,2.75,20 - 24,176
Female,1965,2.85,20 - 24,178.8
Female,1964,2.93,20 - 24,181.6
Female,2020,1.6,25 - 29,85
Female,2019,1.65,25 - 29,88.3
Female,2018,1.7,25 - 29,91.3
Female,2017,1.76,25 - 29,95.3
Female,2016,1.81,25 - 29,98.8
Female,2015,1.82,25 - 29,100.8
Female,2014,1.83,25 - 29,100.8
Female,2013,1.85,25 - 29,101.5
Female,2012,1.94,25 - 29,105.1
Female,2011,1.93,25 - 29,104.3
Female,2010,1.94,25 - 29,104.1
Female,2009,1.9,25 - 29,102.4
Female,2008,1.92,25 - 29,103
Female,2007,1.88,25 - 29,100.1
Female,2006,1.83,25 - 29,97.9
Female,2005,1.77,25 - 29,96
Female,2004,1.77,25 - 29,96.5
Female,2003,1.72,25 - 29,95.3
Female,2002,1.64,25 - 29,91.2
Female,2001,1.63,25 - 29,91.7
Female,2000,1.65,25 - 29,94.3
Female,1999,1.7,25 - 29,98.3
Female,1998,1.73,25 - 29,101.5
Female,1997,1.73,25 - 29,104.3
Female,1996,1.74,25 - 29,106.6
Female,1995,1.72,25 - 29,108.4
Female,1994,1.75,25 - 29,112.2
Female,1993,1.76,25 - 29,114.4
Female,1992,1.8,25 - 29,117.6
Female,1991,1.82,25 - 29,119.4
Female,1990,1.84,25 - 29,122.6
Female,1989,1.8,25 - 29,120.4
Female,1988,1.82,25 - 29,124
Female,1987,1.81,25 - 29,125.1
Female,1986,1.77,25 - 29,123.8
Female,1985,1.78,25 - 29,127.4
Female,1984,1.75,25 - 29,126
Female,1983,1.76,25 - 29,126.3
Female,1982,1.76,25 - 29,126.3
Female,1981,1.8,25 - 29,129.1
Female,1980,1.88,25 - 29,133.6
Female,1979,1.84,25 - 29,131.2
Female,1978,1.73,25 - 29,122.6
Female,1977,1.66,25 - 29,117.5
Female,1976,1.71,25 - 29,118.7
Female,1975,1.78,25 - 29,121.9
Female,1974,1.89,25 - 29,128
Female,1973,2,25 - 29,134
Female,1972,2.17,25 - 29,141.8
Female,1971,2.37,25 - 29,153.2
Female,1970,2.4,25 - 29,153.7
Female,1969,2.47,25 - 29,157.5
Female,1968,2.57,25 - 29,162.5
Female,1967,2.65,25 - 29,166.8
Female,1966,2.75,25 - 29,174
Female,1965,2.85,25 - 29,180.2
Female,1964,2.93,25 - 29,187.3
Female,2020,1.6,30 - 34,102.9
Female,2019,1.65,30 - 34,104.7
Female,2018,1.7,30 - 34,106.8
Female,2017,1.76,30 - 34,109.8
Female,2016,1.81,30 - 34,112
Female,2015,1.82,30 - 34,111
Female,2014,1.83,30 - 34,110.4
Female,2013,1.85,30 - 34,109.4
Female,2012,1.94,30 - 34,113.9
Female,2011,1.93,30 - 34,111.9
Female,2010,1.94,30 - 34,112.3
Female,2009,1.9,30 - 34,108.7
Female,2008,1.92,30 - 34,109.8
Female,2007,1.88,30 - 34,107.8
Female,2006,1.83,30 - 34,103.4
Female,2005,1.77,30 - 34,99.9
Female,2004,1.77,30 - 34,99.3
Female,2003,1.72,30 - 34,94.8
Female,2002,1.64,30 - 34,89.8
Female,2001,1.63,30 - 34,88
Female,2000,1.65,30 - 34,87.9
Female,1999,1.7,30 - 34,89.6
Female,1998,1.73,30 - 34,90.6
Female,1997,1.73,30 - 34,89.8
Female,1996,1.74,30 - 34,89.8
Female,1995,1.72,30 - 34,88.3
Female,1994,1.75,30 - 34,89.4
Female,1993,1.76,30 - 34,87.4
Female,1992,1.8,30 - 34,87.4
Female,1991,1.82,30 - 34,86.7
Female,1990,1.84,30 - 34,86.9
Female,1989,1.8,30 - 34,83.2
Female,1988,1.82,30 - 34,82.4
Female,1987,1.81,30 - 34,81.2
Female,1986,1.77,30 - 34,78
Female,1985,1.78,30 - 34,76.4
Female,1984,1.75,30 - 34,73.6
Female,1983,1.76,30 - 34,71.5
Female,1982,1.76,30 - 34,69.1
Female,1981,1.8,30 - 34,68.6
Female,1980,1.88,30 - 34,70.5
Female,1979,1.84,30 - 34,69
Female,1978,1.73,30 - 34,63.1
Female,1977,1.66,30 - 34,58.6
Female,1976,1.71,30 - 34,57.2
Female,1975,1.78,30 - 34,58
Female,1974,1.89,30 - 34,59.9
Female,1973,2,30 - 34,63.1
Female,1972,2.17,30 - 34,69.3
Female,1971,2.37,30 - 34,77.1
Female,1970,2.4,30 - 34,79.8
Female,1969,2.47,30 - 34,84.6
Female,1968,2.57,30 - 34,89
Female,1967,2.65,30 - 34,93
Female,1966,2.75,30 - 34,97.3
Female,1965,2.85,30 - 34,102.7
Female,1964,2.93,30 - 34,107.7
Female,2020,1.6,35 - 39,60.2
Female,2019,1.65,35 - 39,61.9
Female,2018,1.7,35 - 39,63.4
Female,2017,1.76,35 - 39,65.1
Female,2016,1.81,35 - 39,66.9
Female,2015,1.82,35 - 39,66
Female,2014,1.83,35 - 39,64.5
Female,2013,1.85,35 - 39,62.9
Female,2012,1.94,35 - 39,63.7
Female,2011,1.93,35 - 39,62.1
Female,2010,1.94,35 - 39,60.3
Female,2009,1.9,35 - 39,58.1
Female,2008,1.92,35 - 39,57.8
Female,2007,1.88,35 - 39,56.5
Female,2006,1.83,35 - 39,53.6
Female,2005,1.77,35 - 39,50.3
Female,2004,1.77,35 - 39,48.8
Female,2003,1.72,35 - 39,46.4
Female,2002,1.64,35 - 39,43
Female,2001,1.63,35 - 39,41.5
Female,2000,1.65,35 - 39,41.4
Female,1999,1.7,35 - 39,40.6
Female,1998,1.73,35 - 39,40.4
Female,1997,1.73,35 - 39,39.4
Female,1996,1.74,35 - 39,37.5
Female,1995,1.72,35 - 39,36.3
Female,1994,1.75,35 - 39,35.8
Female,1993,1.76,35 - 39,34.1
Female,1992,1.8,35 - 39,33.4
Female,1991,1.82,35 - 39,32.1
Female,1990,1.84,35 - 39,31.1
Female,1989,1.8,35 - 39,29.4
Female,1988,1.82,35 - 39,27.9
Female,1987,1.81,35 - 39,26.5
Female,1986,1.77,35 - 39,24.6
Female,1985,1.78,35 - 39,24.1
Female,1984,1.75,35 - 39,23.6
Female,1983,1.76,35 - 39,23.1
Female,1982,1.76,35 - 39,22.8
Female,1981,1.8,35 - 39,21.7
Female,1980,1.88,35 - 39,22.3
Female,1979,1.84,35 - 39,21.3
Female,1978,1.73,35 - 39,19.5
Female,1977,1.66,35 - 39,18.2
Female,1976,1.71,35 - 39,18.6
Female,1975,1.78,35 - 39,19.9
Female,1974,1.89,35 - 39,21.5
Female,1973,2,35 - 39,24.5
Female,1972,2.17,35 - 39,28.9
Female,1971,2.37,35 - 39,32.8
Female,1970,2.4,35 - 39,34.7
Female,1969,2.47,35 - 39,37.3
Female,1968,2.57,35 - 39,40.3
Female,1967,2.65,35 - 39,43.2
Female,1966,2.75,35 - 39,45.3
Female,1965,2.85,35 - 39,48.1
Female,1964,2.93,35 - 39,49.8
Female,2020,1.6,40 and over,16.1
Female,2019,1.65,40 and over,16.5
Female,2018,1.7,40 and over,16.1
Female,2017,1.76,40 and over,16.1
Female,2016,1.81,40 and over,15.9
Female,2015,1.82,40 and over,15.2
Female,2014,1.83,40 and over,14.7
Female,2013,1.85,40 and over,14.5
Female,2012,1.94,40 and over,14.6
Female,2011,1.93,40 and over,14.2
Female,2010,1.94,40 and over,13.4
Female,2009,1.9,40 and over,12.9
Female,2008,1.92,40 and over,12.6
Female,2007,1.88,40 and over,12
Female,2006,1.83,40 and over,11.4
Female,2005,1.77,40 and over,10.8
Female,2004,1.77,40 and over,10.4
Female,2003,1.72,40 and over,9.8
Female,2002,1.64,40 and over,9.1
Female,2001,1.63,40 and over,8.8
Female,2000,1.65,40 and over,8.3
Female,1999,1.7,40 and over,8.1
Female,1998,1.73,40 and over,7.9
Female,1997,1.73,40 and over,7.6
Female,1996,1.74,40 and over,7.2
Female,1995,1.72,40 and over,6.8
Female,1994,1.75,40 and over,6.4
Female,1993,1.76,40 and over,6.2
Female,1992,1.8,40 and over,5.8
Female,1991,1.82,40 and over,5.3
Female,1990,1.84,40 and over,5.3
Female,1989,1.8,40 and over,5.2
Female,1988,1.82,40 and over,5.1
Female,1987,1.81,40 and over,5.1
Female,1986,1.77,40 and over,4.8
Female,1985,1.78,40 and over,5
Female,1984,1.75,40 and over,4.9
Female,1983,1.76,40 and over,4.8
Female,1982,1.76,40 and over,4.7
Female,1981,1.8,40 and over,4.9
Female,1980,1.88,40 and over,4.8
Female,1979,1.84,40 and over,4.7
Female,1978,1.73,40 and over,4.5
Female,1977,1.66,40 and over,4.4
Female,1976,1.71,40 and over,4.8
Female,1975,1.78,40 and over,5.3
Female,1974,1.89,40 and over,5.8
Female,1973,2,40 and over,6.5
Female,1972,2.17,40 and over,7.6
Female,1971,2.37,40 and over,8.7
Female,1970,2.4,40 and over,9.2
Female,1969,2.47,40 and over,10.2
Female,1968,2.57,40 and over,11.2
Female,1967,2.65,40 and over,12.1
Female,1966,2.75,40 and over,12.5
Female,1965,2.85,40 and over,13.4
Female,1964,2.93,40 and over,13.7