Age,Year,Type of Registration,All ages  
19 and under,1938,Outside Marriage (or Civil Partnership),4730
19 and under,1939,Outside Marriage (or Civil Partnership),5149
19 and under,1940,Outside Marriage (or Civil Partnership),4587
19 and under,1941,Outside Marriage (or Civil Partnership),5304
19 and under,1942,Outside Marriage (or Civil Partnership),5744
19 and under,1943,Outside Marriage (or Civil Partnership),6385
19 and under,1944,Outside Marriage (or Civil Partnership),7257
19 and under,1945,Outside Marriage (or Civil Partnership),8658
19 and under,1946,Outside Marriage (or Civil Partnership),7028
19 and under,1947,Outside Marriage (or Civil Partnership),5502
19 and under,1948,Outside Marriage (or Civil Partnership),5494
19 and under,1949,Outside Marriage (or Civil Partnership),5270
19 and under,1950,Outside Marriage (or Civil Partnership),5355
19 and under,1951,Outside Marriage (or Civil Partnership),4812
19 and under,1952,Outside Marriage (or Civil Partnership),5123
19 and under,1953,Outside Marriage (or Civil Partnership),5359
19 and under,1954,Outside Marriage (or Civil Partnership),5431
19 and under,1955,Outside Marriage (or Civil Partnership),5540
19 and under,1956,Outside Marriage (or Civil Partnership),6290
19 and under,1957,Outside Marriage (or Civil Partnership),6761
19 and under,1958,Outside Marriage (or Civil Partnership),7261
19 and under,1959,Outside Marriage (or Civil Partnership),7977
19 and under,1960,Outside Marriage (or Civil Partnership),9688
19 and under,1961,Outside Marriage (or Civil Partnership),11896
19 and under,1962,Outside Marriage (or Civil Partnership),13938
19 and under,1963,Outside Marriage (or Civil Partnership),15603
19 and under,1964,Outside Marriage (or Civil Partnership),17372
19 and under,1965,Outside Marriage (or Civil Partnership),19286
19 and under,1966,Outside Marriage (or Civil Partnership),20582
19 and under,1967,Outside Marriage (or Civil Partnership),21642
19 and under,1968,Outside Marriage (or Civil Partnership),21809
19 and under,1969,Outside Marriage (or Civil Partnership),21626
19 and under,1970,Outside Marriage (or Civil Partnership),20863
19 and under,1971,Outside Marriage (or Civil Partnership),21555
19 and under,1972,Outside Marriage (or Civil Partnership),21737
19 and under,1973,Outside Marriage (or Civil Partnership),20723
19 and under,1974,Outside Marriage (or Civil Partnership),20861
19 and under,1975,Outside Marriage (or Civil Partnership),20492
19 and under,1976,Outside Marriage (or Civil Partnership),19819
19 and under,1977,Outside Marriage (or Civil Partnership),20051
19 and under,1978,Outside Marriage (or Civil Partnership),21643
19 and under,1979,Outside Marriage (or Civil Partnership),24005
19 and under,1980,Outside Marriage (or Civil Partnership),25860
19 and under,1981,Outside Marriage (or Civil Partnership),26430
19 and under,1982,Outside Marriage (or Civil Partnership),28739
19 and under,1983,Outside Marriage (or Civil Partnership),30423
19 and under,1984,Outside Marriage (or Civil Partnership),33135
19 and under,1985,Outside Marriage (or Civil Partnership),36872
19 and under,1986,Outside Marriage (or Civil Partnership),39613
19 and under,1987,Outside Marriage (or Civil Partnership),41957
19 and under,1988,Outside Marriage (or Civil Partnership),44642
19 and under,1989,Outside Marriage (or Civil Partnership),43516
19 and under,1990,Outside Marriage (or Civil Partnership),44583
19 and under,1991,Outside Marriage (or Civil Partnership),43448
19 and under,1992,Outside Marriage (or Civil Partnership),40074
19 and under,1993,Outside Marriage (or Civil Partnership),38246
19 and under,1994,Outside Marriage (or Civil Partnership),35927
19 and under,1995,Outside Marriage (or Civil Partnership),36315
19 and under,1996,Outside Marriage (or Civil Partnership),39302
19 and under,1997,Outside Marriage (or Civil Partnership),41139
19 and under,1998,Outside Marriage (or Civil Partnership),43007
19 and under,1999,Outside Marriage (or Civil Partnership),43042
19 and under,2000,Outside Marriage (or Civil Partnership),41104
19 and under,2001,Outside Marriage (or Civil Partnership),39549
19 and under,2002,Outside Marriage (or Civil Partnership),38885
19 and under,2003,Outside Marriage (or Civil Partnership),39898
19 and under,2004,Outside Marriage (or Civil Partnership),41031
19 and under,2005,Outside Marriage (or Civil Partnership),41176
19 and under,2006,Outside Marriage (or Civil Partnership),42310
19 and under,2007,Outside Marriage (or Civil Partnership),41718
19 and under,2008,Outside Marriage (or Civil Partnership),41952
19 and under,2009,Outside Marriage (or Civil Partnership),40909
19 and under,2010,Outside Marriage (or Civil Partnership),38907
19 and under,2011,Outside Marriage (or Civil Partnership),35025
19 and under,2012,Outside Marriage (or Civil Partnership),32520
19 and under,2013,Outside Marriage (or Civil Partnership),27864
19 and under,2014,Outside Marriage (or Civil Partnership),24812
19 and under,2015,Outside Marriage (or Civil Partnership),22879
19 and under,2016,Outside Marriage (or Civil Partnership),21376
19 and under,2017,Outside Marriage (or Civil Partnership),19429
19 and under,2018,Outside Marriage (or Civil Partnership),18056
19 and under,2019,Outside Marriage (or Civil Partnership),16880
19 and under,2020,Outside Marriage (or Civil Partnership),15237
19 and under,1938,Within Marriage (or Civil Partnership),20680
19 and under,1939,Within Marriage (or Civil Partnership),23639
19 and under,1940,Within Marriage (or Civil Partnership),21683
19 and under,1941,Within Marriage (or Civil Partnership),19195
19 and under,1942,Within Marriage (or Civil Partnership),18287
19 and under,1943,Within Marriage (or Civil Partnership),17877
19 and under,1944,Within Marriage (or Civil Partnership),17468
19 and under,1945,Within Marriage (or Civil Partnership),16779
19 and under,1946,Within Marriage (or Civil Partnership),17788
19 and under,1947,Within Marriage (or Civil Partnership),22245
19 and under,1948,Within Marriage (or Civil Partnership),24960
19 and under,1949,Within Marriage (or Civil Partnership),26580
19 and under,1950,Within Marriage (or Civil Partnership),25492
19 and under,1951,Within Marriage (or Civil Partnership),24299
19 and under,1952,Within Marriage (or Civil Partnership),24025
19 and under,1953,Within Marriage (or Civil Partnership),25058
19 and under,1954,Within Marriage (or Civil Partnership),26278
19 and under,1955,Within Marriage (or Civil Partnership),27407
19 and under,1956,Within Marriage (or Civil Partnership),31648
19 and under,1957,Within Marriage (or Civil Partnership),34467
19 and under,1958,Within Marriage (or Civil Partnership),36570
19 and under,1959,Within Marriage (or Civil Partnership),38090
19 and under,1960,Within Marriage (or Civil Partnership),41957
19 and under,1961,Within Marriage (or Civil Partnership),47890
19 and under,1962,Within Marriage (or Civil Partnership),53396
19 and under,1963,Within Marriage (or Civil Partnership),56037
19 and under,1964,Within Marriage (or Civil Partnership),59362
19 and under,1965,Within Marriage (or Civil Partnership),62325
19 and under,1966,Within Marriage (or Civil Partnership),66164
19 and under,1967,Within Marriage (or Civil Partnership),62900
19 and under,1968,Within Marriage (or Civil Partnership),60266
19 and under,1969,Within Marriage (or Civil Partnership),60033
19 and under,1970,Within Marriage (or Civil Partnership),60112
19 and under,1971,Within Marriage (or Civil Partnership),61086
19 and under,1972,Within Marriage (or Civil Partnership),57350
19 and under,1973,Within Marriage (or Civil Partnership),52547
19 and under,1974,Within Marriage (or Civil Partnership),47863
19 and under,1975,Within Marriage (or Civil Partnership),43015
19 and under,1976,Within Marriage (or Civil Partnership),38124
19 and under,1977,Within Marriage (or Civil Partnership),34426
19 and under,1978,Within Marriage (or Civil Partnership),34341
19 and under,1979,Within Marriage (or Civil Partnership),35138
19 and under,1980,Within Marriage (or Civil Partnership),34894
19 and under,1981,Within Marriage (or Civil Partnership),30140
19 and under,1982,Within Marriage (or Civil Partnership),26696
19 and under,1983,Within Marriage (or Civil Partnership),23636
19 and under,1984,Within Marriage (or Civil Partnership),21373
19 and under,1985,Within Marriage (or Civil Partnership),20057
19 and under,1986,Within Marriage (or Civil Partnership),17793
19 and under,1987,Within Marriage (or Civil Partnership),15588
19 and under,1988,Within Marriage (or Civil Partnership),14099
19 and under,1989,Within Marriage (or Civil Partnership),12027
19 and under,1990,Within Marriage (or Civil Partnership),10958
19 and under,1991,Within Marriage (or Civil Partnership),8948
19 and under,1992,Within Marriage (or Civil Partnership),7787
19 and under,1993,Within Marriage (or Civil Partnership),6875
19 and under,1994,Within Marriage (or Civil Partnership),6099
19 and under,1995,Within Marriage (or Civil Partnership),5623
19 and under,1996,Within Marriage (or Civil Partnership),5365
19 and under,1997,Within Marriage (or Civil Partnership),5233
19 and under,1998,Within Marriage (or Civil Partnership),5278
19 and under,1999,Within Marriage (or Civil Partnership),5333
19 and under,2000,Within Marriage (or Civil Partnership),4742
19 and under,2001,Within Marriage (or Civil Partnership),4640
19 and under,2002,Within Marriage (or Civil Partnership),4582
19 and under,2003,Within Marriage (or Civil Partnership),4338
19 and under,2004,Within Marriage (or Civil Partnership),4063
19 and under,2005,Within Marriage (or Civil Partnership),3654
19 and under,2006,Within Marriage (or Civil Partnership),3199
19 and under,2007,Within Marriage (or Civil Partnership),3087
19 and under,2008,Within Marriage (or Civil Partnership),2739
19 and under,2009,Within Marriage (or Civil Partnership),2334
19 and under,2010,Within Marriage (or Civil Partnership),1684
19 and under,2011,Within Marriage (or Civil Partnership),1410
19 and under,2012,Within Marriage (or Civil Partnership),1295
19 and under,2013,Within Marriage (or Civil Partnership),1272
19 and under,2014,Within Marriage (or Civil Partnership),1165
19 and under,2015,Within Marriage (or Civil Partnership),1069
19 and under,2016,Within Marriage (or Civil Partnership),1089
19 and under,2017,Within Marriage (or Civil Partnership),929
19 and under,2018,Within Marriage (or Civil Partnership),920
19 and under,2019,Within Marriage (or Civil Partnership),840
19 and under,2020,Within Marriage (or Civil Partnership),703
20 - 24,1938,Outside Marriage (or Civil Partnership),8339
20 - 24,1939,Outside Marriage (or Civil Partnership),7540
20 - 24,1940,Outside Marriage (or Civil Partnership),7880
20 - 24,1941,Outside Marriage (or Civil Partnership),10243
20 - 24,1942,Outside Marriage (or Civil Partnership),12450
20 - 24,1943,Outside Marriage (or Civil Partnership),15820
20 - 24,1944,Outside Marriage (or Civil Partnership),20632
20 - 24,1945,Outside Marriage (or Civil Partnership),22700
20 - 24,1946,Outside Marriage (or Civil Partnership),17820
20 - 24,1947,Outside Marriage (or Civil Partnership),14379
20 - 24,1948,Outside Marriage (or Civil Partnership),12723
20 - 24,1949,Outside Marriage (or Civil Partnership),10785
20 - 24,1950,Outside Marriage (or Civil Partnership),10237
20 - 24,1951,Outside Marriage (or Civil Partnership),9578
20 - 24,1952,Outside Marriage (or Civil Partnership),9566
20 - 24,1953,Outside Marriage (or Civil Partnership),9659
20 - 24,1954,Outside Marriage (or Civil Partnership),9606
20 - 24,1955,Outside Marriage (or Civil Partnership),9376
20 - 24,1956,Outside Marriage (or Civil Partnership),10107
20 - 24,1957,Outside Marriage (or Civil Partnership),10431
20 - 24,1958,Outside Marriage (or Civil Partnership),11317
20 - 24,1959,Outside Marriage (or Civil Partnership),12190
20 - 24,1960,Outside Marriage (or Civil Partnership),13675
20 - 24,1961,Outside Marriage (or Civil Partnership),15489
20 - 24,1962,Outside Marriage (or Civil Partnership),17942
20 - 24,1963,Outside Marriage (or Civil Partnership),19070
20 - 24,1964,Outside Marriage (or Civil Partnership),20485
20 - 24,1965,Outside Marriage (or Civil Partnership),21599
20 - 24,1966,Outside Marriage (or Civil Partnership),21993
20 - 24,1967,Outside Marriage (or Civil Partnership),23876
20 - 24,1968,Outside Marriage (or Civil Partnership),24363
20 - 24,1969,Outside Marriage (or Civil Partnership),23135
20 - 24,1970,Outside Marriage (or Civil Partnership),22265
20 - 24,1971,Outside Marriage (or Civil Partnership),22043
20 - 24,1972,Outside Marriage (or Civil Partnership),19802
20 - 24,1973,Outside Marriage (or Civil Partnership),18164
20 - 24,1974,Outside Marriage (or Civil Partnership),17568
20 - 24,1975,Outside Marriage (or Civil Partnership),16756
20 - 24,1976,Outside Marriage (or Civil Partnership),16631
20 - 24,1977,Outside Marriage (or Civil Partnership),17376
20 - 24,1978,Outside Marriage (or Civil Partnership),19701
20 - 24,1979,Outside Marriage (or Civil Partnership),22871
20 - 24,1980,Outside Marriage (or Civil Partnership),26607
20 - 24,1981,Outside Marriage (or Civil Partnership),28810
20 - 24,1982,Outside Marriage (or Civil Partnership),32411
20 - 24,1983,Outside Marriage (or Civil Partnership),36643
20 - 24,1984,Outside Marriage (or Civil Partnership),41084
20 - 24,1985,Outside Marriage (or Civil Partnership),47696
20 - 24,1986,Outside Marriage (or Civil Partnership),54079
20 - 24,1987,Outside Marriage (or Civil Partnership),60423
20 - 24,1988,Outside Marriage (or Civil Partnership),68151
20 - 24,1989,Outside Marriage (or Civil Partnership),70783
20 - 24,1990,Outside Marriage (or Civil Partnership),73948
20 - 24,1991,Outside Marriage (or Civil Partnership),77751
20 - 24,1992,Outside Marriage (or Civil Partnership),77091
20 - 24,1993,Outside Marriage (or Civil Partnership),75025
20 - 24,1994,Outside Marriage (or Civil Partnership),71013
20 - 24,1995,Outside Marriage (or Civil Partnership),69715
20 - 24,1996,Outside Marriage (or Civil Partnership),71081
20 - 24,1997,Outside Marriage (or Civil Partnership),69521
20 - 24,1998,Outside Marriage (or Civil Partnership),67813
20 - 24,1999,Outside Marriage (or Civil Partnership),67532
20 - 24,2000,Outside Marriage (or Civil Partnership),67479
20 - 24,2001,Outside Marriage (or Civil Partnership),68108
20 - 24,2002,Outside Marriage (or Civil Partnership),70247
20 - 24,2003,Outside Marriage (or Civil Partnership),75735
20 - 24,2004,Outside Marriage (or Civil Partnership),79787
20 - 24,2005,Outside Marriage (or Civil Partnership),82135
20 - 24,2006,Outside Marriage (or Civil Partnership),87702
20 - 24,2007,Outside Marriage (or Civil Partnership),91925
20 - 24,2008,Outside Marriage (or Civil Partnership),97732
20 - 24,2009,Outside Marriage (or Civil Partnership),100092
20 - 24,2010,Outside Marriage (or Civil Partnership),103357
20 - 24,2011,Outside Marriage (or Civil Partnership),103161
20 - 24,2012,Outside Marriage (or Civil Partnership),102829
20 - 24,2013,Outside Marriage (or Civil Partnership),93925
20 - 24,2014,Outside Marriage (or Civil Partnership),89742
20 - 24,2015,Outside Marriage (or Civil Partnership),86870
20 - 24,2016,Outside Marriage (or Civil Partnership),82398
20 - 24,2017,Outside Marriage (or Civil Partnership),78407
20 - 24,2018,Outside Marriage (or Civil Partnership),73156
20 - 24,2019,Outside Marriage (or Civil Partnership),69384
20 - 24,2020,Outside Marriage (or Civil Partnership),63924
20 - 24,1938,Within Marriage (or Civil Partnership),138336
20 - 24,1939,Within Marriage (or Civil Partnership),131964
20 - 24,1940,Within Marriage (or Civil Partnership),134220
20 - 24,1941,Within Marriage (or Civil Partnership),137320
20 - 24,1942,Within Marriage (or Civil Partnership),152819
20 - 24,1943,Within Marriage (or Civil Partnership),160442
20 - 24,1944,Within Marriage (or Civil Partnership),172841
20 - 24,1945,Within Marriage (or Civil Partnership),152169
20 - 24,1946,Within Marriage (or Civil Partnership),177405
20 - 24,1947,Within Marriage (or Civil Partnership),213219
20 - 24,1948,Within Marriage (or Civil Partnership),197397
20 - 24,1949,Within Marriage (or Civil Partnership),190160
20 - 24,1950,Within Marriage (or Civil Partnership),180407
20 - 24,1951,Within Marriage (or Civil Partnership),177936
20 - 24,1952,Within Marriage (or Civil Partnership),179776
20 - 24,1953,Within Marriage (or Civil Partnership),185106
20 - 24,1954,Within Marriage (or Civil Partnership),184021
20 - 24,1955,Within Marriage (or Civil Partnership),183179
20 - 24,1956,Within Marriage (or Civil Partnership),193786
20 - 24,1957,Within Marriage (or Civil Partnership),201223
20 - 24,1958,Within Marriage (or Civil Partnership),210621
20 - 24,1959,Within Marriage (or Civil Partnership),216874
20 - 24,1960,Within Marriage (or Civil Partnership),226453
20 - 24,1961,Within Marriage (or Civil Partnership),234340
20 - 24,1962,Within Marriage (or Civil Partnership),242940
20 - 24,1963,Within Marriage (or Civil Partnership),248489
20 - 24,1964,Within Marriage (or Civil Partnership),255618
20 - 24,1965,Within Marriage (or Civil Partnership),257275
20 - 24,1966,Within Marriage (or Civil Partnership),263815
20 - 24,1967,Within Marriage (or Civil Partnership),267780
20 - 24,1968,Within Marriage (or Civil Partnership),271583
20 - 24,1969,Within Marriage (or Civil Partnership),265877
20 - 24,1970,Within Marriage (or Civil Partnership),266944
20 - 24,1971,Within Marriage (or Civil Partnership),263660
20 - 24,1972,Within Marriage (or Civil Partnership),229307
20 - 24,1973,Within Marriage (or Civil Partnership),205511
20 - 24,1974,Within Marriage (or Civil Partnership),190516
20 - 24,1975,Within Marriage (or Civil Partnership),173442
20 - 24,1976,Within Marriage (or Civil Partnership),165579
20 - 24,1977,Within Marriage (or Civil Partnership),157168
20 - 24,1978,Within Marriage (or Civil Partnership),162879
20 - 24,1979,Within Marriage (or Civil Partnership),170338
20 - 24,1980,Within Marriage (or Civil Partnership),174934
20 - 24,1981,Within Marriage (or Civil Partnership),165690
20 - 24,1982,Within Marriage (or Civil Partnership),159911
20 - 24,1983,Within Marriage (or Civil Partnership),155209
20 - 24,1984,Within Marriage (or Civil Partnership),150371
20 - 24,1985,Within Marriage (or Civil Partnership),146262
20 - 24,1986,Within Marriage (or Civil Partnership),137985
20 - 24,1987,Within Marriage (or Civil Partnership),132809
20 - 24,1988,Within Marriage (or Civil Partnership),125575
20 - 24,1989,Within Marriage (or Civil Partnership),114456
20 - 24,1990,Within Marriage (or Civil Partnership),106188
20 - 24,1991,Within Marriage (or Civil Partnership),95605
20 - 24,1992,Within Marriage (or Civil Partnership),86220
20 - 24,1993,Within Marriage (or Civil Partnership),76950
20 - 24,1994,Within Marriage (or Civil Partnership),69227
20 - 24,1995,Within Marriage (or Civil Partnership),61029
20 - 24,1996,Within Marriage (or Civil Partnership),54651
20 - 24,1997,Within Marriage (or Civil Partnership),49068
20 - 24,1998,Within Marriage (or Civil Partnership),45724
20 - 24,1999,Within Marriage (or Civil Partnership),43190
20 - 24,2000,Within Marriage (or Civil Partnership),40262
20 - 24,2001,Within Marriage (or Civil Partnership),40736
20 - 24,2002,Within Marriage (or Civil Partnership),40712
20 - 24,2003,Within Marriage (or Civil Partnership),40887
20 - 24,2004,Within Marriage (or Civil Partnership),41285
20 - 24,2005,Within Marriage (or Civil Partnership),40010
20 - 24,2006,Within Marriage (or Civil Partnership),40126
20 - 24,2007,Within Marriage (or Civil Partnership),38859
20 - 24,2008,Within Marriage (or Civil Partnership),38239
20 - 24,2009,Within Marriage (or Civil Partnership),35920
20 - 24,2010,Within Marriage (or Civil Partnership),33955
20 - 24,2011,Within Marriage (or Civil Partnership),31785
20 - 24,2012,Within Marriage (or Civil Partnership),29627
20 - 24,2013,Within Marriage (or Civil Partnership),25794
20 - 24,2014,Within Marriage (or Civil Partnership),22873
20 - 24,2015,Within Marriage (or Civil Partnership),21241
20 - 24,2016,Within Marriage (or Civil Partnership),20209
20 - 24,2017,Within Marriage (or Civil Partnership),19099
20 - 24,2018,Within Marriage (or Civil Partnership),17939
20 - 24,2019,Within Marriage (or Civil Partnership),17372
20 - 24,2020,Within Marriage (or Civil Partnership),15702
25 - 29,1938,Outside Marriage (or Civil Partnership),5819
25 - 29,1939,Outside Marriage (or Civil Partnership),5577
25 - 29,1940,Outside Marriage (or Civil Partnership),5768
25 - 29,1941,Outside Marriage (or Civil Partnership),6806
25 - 29,1942,Outside Marriage (or Civil Partnership),8041
25 - 29,1943,Outside Marriage (or Civil Partnership),9603
25 - 29,1944,Outside Marriage (or Civil Partnership),12475
25 - 29,1945,Outside Marriage (or Civil Partnership),15379
25 - 29,1946,Outside Marriage (or Civil Partnership),13836
25 - 29,1947,Outside Marriage (or Civil Partnership),12602
25 - 29,1948,Outside Marriage (or Civil Partnership),11034
25 - 29,1949,Outside Marriage (or Civil Partnership),9798
25 - 29,1950,Outside Marriage (or Civil Partnership),8721
25 - 29,1951,Outside Marriage (or Civil Partnership),7768
25 - 29,1952,Outside Marriage (or Civil Partnership),7396
25 - 29,1953,Outside Marriage (or Civil Partnership),7028
25 - 29,1954,Outside Marriage (or Civil Partnership),6599
25 - 29,1955,Outside Marriage (or Civil Partnership),6601
25 - 29,1956,Outside Marriage (or Civil Partnership),6987
25 - 29,1957,Outside Marriage (or Civil Partnership),7117
25 - 29,1958,Outside Marriage (or Civil Partnership),7310
25 - 29,1959,Outside Marriage (or Civil Partnership),7597
25 - 29,1960,Outside Marriage (or Civil Partnership),8362
25 - 29,1961,Outside Marriage (or Civil Partnership),9313
25 - 29,1962,Outside Marriage (or Civil Partnership),10752
25 - 29,1963,Outside Marriage (or Civil Partnership),11435
25 - 29,1964,Outside Marriage (or Civil Partnership),12148
25 - 29,1965,Outside Marriage (or Civil Partnership),12338
25 - 29,1966,Outside Marriage (or Civil Partnership),11851
25 - 29,1967,Outside Marriage (or Civil Partnership),11888
25 - 29,1968,Outside Marriage (or Civil Partnership),11684
25 - 29,1969,Outside Marriage (or Civil Partnership),11144
25 - 29,1970,Outside Marriage (or Civil Partnership),10996
25 - 29,1971,Outside Marriage (or Civil Partnership),11538
25 - 29,1972,Outside Marriage (or Civil Partnership),11124
25 - 29,1973,Outside Marriage (or Civil Partnership),10390
25 - 29,1974,Outside Marriage (or Civil Partnership),9950
25 - 29,1975,Outside Marriage (or Civil Partnership),9849
25 - 29,1976,Outside Marriage (or Civil Partnership),9677
25 - 29,1977,Outside Marriage (or Civil Partnership),9758
25 - 29,1978,Outside Marriage (or Civil Partnership),10431
25 - 29,1979,Outside Marriage (or Civil Partnership),12306
25 - 29,1980,Outside Marriage (or Civil Partnership),13462
25 - 29,1981,Outside Marriage (or Civil Partnership),14300
25 - 29,1982,Outside Marriage (or Civil Partnership),16066
25 - 29,1983,Outside Marriage (or Civil Partnership),17916
25 - 29,1984,Outside Marriage (or Civil Partnership),20630
25 - 29,1985,Outside Marriage (or Civil Partnership),24214
25 - 29,1986,Outside Marriage (or Civil Partnership),27712
25 - 29,1987,Outside Marriage (or Civil Partnership),32893
25 - 29,1988,Outside Marriage (or Civil Partnership),38168
25 - 29,1989,Outside Marriage (or Civil Partnership),41861
25 - 29,1990,Outside Marriage (or Civil Partnership),47876
25 - 29,1991,Outside Marriage (or Civil Partnership),52446
25 - 29,1992,Outside Marriage (or Civil Partnership),55870
25 - 29,1993,Outside Marriage (or Civil Partnership),57505
25 - 29,1994,Outside Marriage (or Civil Partnership),58497
25 - 29,1995,Outside Marriage (or Civil Partnership),59563
25 - 29,1996,Outside Marriage (or Civil Partnership),62333
25 - 29,1997,Outside Marriage (or Civil Partnership),63409
25 - 29,1998,Outside Marriage (or Civil Partnership),62397
25 - 29,1999,Outside Marriage (or Civil Partnership),61215
25 - 29,2000,Outside Marriage (or Civil Partnership),59095
25 - 29,2001,Outside Marriage (or Civil Partnership),56795
25 - 29,2002,Outside Marriage (or Civil Partnership),55796
25 - 29,2003,Outside Marriage (or Civil Partnership),58237
25 - 29,2004,Outside Marriage (or Civil Partnership),61445
25 - 29,2005,Outside Marriage (or Civil Partnership),64391
25 - 29,2006,Outside Marriage (or Civil Partnership),69294
25 - 29,2007,Outside Marriage (or Civil Partnership),75967
25 - 29,2008,Outside Marriage (or Civil Partnership),82607
25 - 29,2009,Outside Marriage (or Civil Partnership),85630
25 - 29,2010,Outside Marriage (or Civil Partnership),90768
25 - 29,2011,Outside Marriage (or Civil Partnership),93204
25 - 29,2012,Outside Marriage (or Civil Partnership),95815
25 - 29,2013,Outside Marriage (or Civil Partnership),94587
25 - 29,2014,Outside Marriage (or Civil Partnership),97176
25 - 29,2015,Outside Marriage (or Civil Partnership),100718
25 - 29,2016,Outside Marriage (or Civil Partnership),102014
25 - 29,2017,Outside Marriage (or Civil Partnership),101705
25 - 29,2018,Outside Marriage (or Civil Partnership),98361
25 - 29,2019,Outside Marriage (or Civil Partnership),95831
25 - 29,2020,Outside Marriage (or Civil Partnership),92059
25 - 29,1938,Within Marriage (or Civil Partnership),194112
25 - 29,1939,Within Marriage (or Civil Partnership),194300
25 - 29,1940,Within Marriage (or Civil Partnership),185259
25 - 29,1941,Within Marriage (or Civil Partnership),173669
25 - 29,1942,Within Marriage (or Civil Partnership),192483
25 - 29,1943,Within Marriage (or Civil Partnership),186159
25 - 29,1944,Within Marriage (or Civil Partnership),189411
25 - 29,1945,Within Marriage (or Civil Partnership),166833
25 - 29,1946,Within Marriage (or Civil Partnership),234285
25 - 29,1947,Within Marriage (or Civil Partnership),268852
25 - 29,1948,Within Marriage (or Civil Partnership),238855
25 - 29,1949,Within Marriage (or Civil Partnership),235455
25 - 29,1950,Within Marriage (or Civil Partnership),220247
25 - 29,1951,Within Marriage (or Civil Partnership),211296
25 - 29,1952,Within Marriage (or Civil Partnership),207006
25 - 29,1953,Within Marriage (or Civil Partnership),209669
25 - 29,1954,Within Marriage (or Civil Partnership),204968
25 - 29,1955,Within Marriage (or Civil Partnership),205586
25 - 29,1956,Within Marriage (or Civil Partnership),215733
25 - 29,1957,Within Marriage (or Civil Partnership),223448
25 - 29,1958,Within Marriage (or Civil Partnership),226736
25 - 29,1959,Within Marriage (or Civil Partnership),225982
25 - 29,1960,Within Marriage (or Civil Partnership),234577
25 - 29,1961,Within Marriage (or Civil Partnership),239227
25 - 29,1962,Within Marriage (or Civil Partnership),245634
25 - 29,1963,Within Marriage (or Civil Partnership),251806
25 - 29,1964,Within Marriage (or Civil Partnership),258552
25 - 29,1965,Within Marriage (or Civil Partnership),251057
25 - 29,1966,Within Marriage (or Civil Partnership),241892
25 - 29,1967,Within Marriage (or Civil Partnership),231914
25 - 29,1968,Within Marriage (or Civil Partnership),229123
25 - 29,1969,Within Marriage (or Civil Partnership),227237
25 - 29,1970,Within Marriage (or Civil Partnership),227232
25 - 29,1971,Within Marriage (or Civil Partnership),235701
25 - 29,1972,Within Marriage (or Civil Partnership),236552
25 - 29,1973,Within Marriage (or Civil Partnership),233363
25 - 29,1974,Within Marriage (or Civil Partnership),225643
25 - 29,1975,Within Marriage (or Civil Partnership),216141
25 - 29,1976,Within Marriage (or Civil Partnership),211035
25 - 29,1977,Within Marriage (or Civil Partnership),198158
25 - 29,1978,Within Marriage (or Civil Partnership),200167
25 - 29,1979,Within Marriage (or Civil Partnership),209796
25 - 29,1980,Within Marriage (or Civil Partnership),209976
25 - 29,1981,Within Marriage (or Civil Partnership),201460
25 - 29,1982,Within Marriage (or Civil Partnership),195839
25 - 29,1983,Within Marriage (or Civil Partnership),196162
25 - 29,1984,Within Marriage (or Civil Partnership),197401
25 - 29,1985,Within Marriage (or Civil Partnership),203272
25 - 29,1986,Within Marriage (or Civil Partnership),201323
25 - 29,1987,Within Marriage (or Civil Partnership),206036
25 - 29,1988,Within Marriage (or Civil Partnership),205292
25 - 29,1989,Within Marriage (or Civil Partnership),200961
25 - 29,1990,Within Marriage (or Civil Partnership),204701
25 - 29,1991,Within Marriage (or Civil Partnership),196281
25 - 29,1992,Within Marriage (or Civil Partnership),188928
25 - 29,1993,Within Marriage (or Civil Partnership),178456
25 - 29,1994,Within Marriage (or Civil Partnership),170605
25 - 29,1995,Within Marriage (or Civil Partnership),157855
25 - 29,1996,Within Marriage (or Civil Partnership),148770
25 - 29,1997,Within Marriage (or Civil Partnership),139383
25 - 29,1998,Within Marriage (or Civil Partnership),130747
25 - 29,1999,Within Marriage (or Civil Partnership),120716
25 - 29,2000,Within Marriage (or Civil Partnership),111606
25 - 29,2001,Within Marriage (or Civil Partnership),103131
25 - 29,2002,Within Marriage (or Civil Partnership),97583
25 - 29,2003,Within Marriage (or Civil Partnership),98694
25 - 29,2004,Within Marriage (or Civil Partnership),98539
25 - 29,2005,Within Marriage (or Civil Partnership),99957
25 - 29,2006,Within Marriage (or Civil Partnership),103348
25 - 29,2007,Within Marriage (or Civil Partnership),106603
25 - 29,2008,Within Marriage (or Civil Partnership),110353
25 - 29,2009,Within Marriage (or Civil Partnership),108499
25 - 29,2010,Within Marriage (or Civil Partnership),108465
25 - 29,2011,Within Marriage (or Civil Partnership),107383
25 - 29,2012,Within Marriage (or Civil Partnership),106555
25 - 29,2013,Within Marriage (or Civil Partnership),102106
25 - 29,2014,Within Marriage (or Civil Partnership),99642
25 - 29,2015,Within Marriage (or Civil Partnership),97465
25 - 29,2016,Within Marriage (or Civil Partnership),94118
25 - 29,2017,Within Marriage (or Civil Partnership),88323
25 - 29,2018,Within Marriage (or Civil Partnership),82497
25 - 29,2019,Within Marriage (or Civil Partnership),78113
25 - 29,2020,Within Marriage (or Civil Partnership),72706
30 - 34,1938,Outside Marriage (or Civil Partnership),3777
30 - 34,1939,Outside Marriage (or Civil Partnership),3725
30 - 34,1940,Outside Marriage (or Civil Partnership),3841
30 - 34,1941,Outside Marriage (or Civil Partnership),4531
30 - 34,1942,Outside Marriage (or Civil Partnership),5441
30 - 34,1943,Outside Marriage (or Civil Partnership),6443
30 - 34,1944,Outside Marriage (or Civil Partnership),8479
30 - 34,1945,Outside Marriage (or Civil Partnership),9780
30 - 34,1946,Outside Marriage (or Civil Partnership),8588
30 - 34,1947,Outside Marriage (or Civil Partnership),7723
30 - 34,1948,Outside Marriage (or Civil Partnership),6476
30 - 34,1949,Outside Marriage (or Civil Partnership),5558
30 - 34,1950,Outside Marriage (or Civil Partnership),5625
30 - 34,1951,Outside Marriage (or Civil Partnership),5639
30 - 34,1952,Outside Marriage (or Civil Partnership),5565
30 - 34,1953,Outside Marriage (or Civil Partnership),5860
30 - 34,1954,Outside Marriage (or Civil Partnership),5615
30 - 34,1955,Outside Marriage (or Civil Partnership),5173
30 - 34,1956,Outside Marriage (or Civil Partnership),5365
30 - 34,1957,Outside Marriage (or Civil Partnership),5283
30 - 34,1958,Outside Marriage (or Civil Partnership),5246
30 - 34,1959,Outside Marriage (or Civil Partnership),5331
30 - 34,1960,Outside Marriage (or Civil Partnership),5629
30 - 34,1961,Outside Marriage (or Civil Partnership),6216
30 - 34,1962,Outside Marriage (or Civil Partnership),6782
30 - 34,1963,Outside Marriage (or Civil Partnership),7005
30 - 34,1964,Outside Marriage (or Civil Partnership),7286
30 - 34,1965,Outside Marriage (or Civil Partnership),7123
30 - 34,1966,Outside Marriage (or Civil Partnership),6865
30 - 34,1967,Outside Marriage (or Civil Partnership),6871
30 - 34,1968,Outside Marriage (or Civil Partnership),6620
30 - 34,1969,Outside Marriage (or Civil Partnership),6362
30 - 34,1970,Outside Marriage (or Civil Partnership),6254
30 - 34,1971,Outside Marriage (or Civil Partnership),6250
30 - 34,1972,Outside Marriage (or Civil Partnership),5797
30 - 34,1973,Outside Marriage (or Civil Partnership),5322
30 - 34,1974,Outside Marriage (or Civil Partnership),4934
30 - 34,1975,Outside Marriage (or Civil Partnership),4717
30 - 34,1976,Outside Marriage (or Civil Partnership),4733
30 - 34,1977,Outside Marriage (or Civil Partnership),5280
30 - 34,1978,Outside Marriage (or Civil Partnership),5889
30 - 34,1979,Outside Marriage (or Civil Partnership),6891
30 - 34,1980,Outside Marriage (or Civil Partnership),7588
30 - 34,1981,Outside Marriage (or Civil Partnership),7870
30 - 34,1982,Outside Marriage (or Civil Partnership),8133
30 - 34,1983,Outside Marriage (or Civil Partnership),9274
30 - 34,1984,Outside Marriage (or Civil Partnership),10114
30 - 34,1985,Outside Marriage (or Civil Partnership),11323
30 - 34,1986,Outside Marriage (or Civil Partnership),13118
30 - 34,1987,Outside Marriage (or Civil Partnership),15306
30 - 34,1988,Outside Marriage (or Civil Partnership),17590
30 - 34,1989,Outside Marriage (or Civil Partnership),19881
30 - 34,1990,Outside Marriage (or Civil Partnership),22880
30 - 34,1991,Outside Marriage (or Civil Partnership),25717
30 - 34,1992,Outside Marriage (or Civil Partnership),28935
30 - 34,1993,Outside Marriage (or Civil Partnership),31390
30 - 34,1994,Outside Marriage (or Civil Partnership),34005
30 - 34,1995,Outside Marriage (or Civil Partnership),37002
30 - 34,1996,Outside Marriage (or Civil Partnership),40479
30 - 34,1997,Outside Marriage (or Civil Partnership),42235
30 - 34,1998,Outside Marriage (or Civil Partnership),43900
30 - 34,1999,Outside Marriage (or Civil Partnership),44981
30 - 34,2000,Outside Marriage (or Civil Partnership),43948
30 - 34,2001,Outside Marriage (or Civil Partnership),45210
30 - 34,2002,Outside Marriage (or Civil Partnership),46439
30 - 34,2003,Outside Marriage (or Civil Partnership),49212
30 - 34,2004,Outside Marriage (or Civil Partnership),50712
30 - 34,2005,Outside Marriage (or Civil Partnership),50752
30 - 34,2006,Outside Marriage (or Civil Partnership),51411
30 - 34,2007,Outside Marriage (or Civil Partnership),52967
30 - 34,2008,Outside Marriage (or Civil Partnership),54384
30 - 34,2009,Outside Marriage (or Civil Partnership),55798
30 - 34,2010,Outside Marriage (or Civil Partnership),60584
30 - 34,2011,Outside Marriage (or Civil Partnership),63632
30 - 34,2012,Outside Marriage (or Civil Partnership),67839
30 - 34,2013,Outside Marriage (or Civil Partnership),67930
30 - 34,2014,Outside Marriage (or Civil Partnership),70365
30 - 34,2015,Outside Marriage (or Civil Partnership),72155
30 - 34,2016,Outside Marriage (or Civil Partnership),73447
30 - 34,2017,Outside Marriage (or Civil Partnership),74345
30 - 34,2018,Outside Marriage (or Civil Partnership),74966
30 - 34,2019,Outside Marriage (or Civil Partnership),74974
30 - 34,2020,Outside Marriage (or Civil Partnership),76247
30 - 34,1938,Within Marriage (or Civil Partnership),141576
30 - 34,1939,Within Marriage (or Civil Partnership),139785
30 - 34,1940,Within Marriage (or Civil Partnership),129494
30 - 34,1941,Within Marriage (or Civil Partnership),122737
30 - 34,1942,Within Marriage (or Civil Partnership),144433
30 - 34,1943,Within Marriage (or Civil Partnership),157494
30 - 34,1944,Within Marriage (or Civil Partnership),178562
30 - 34,1945,Within Marriage (or Civil Partnership),153721
30 - 34,1946,Within Marriage (or Civil Partnership),194164
30 - 34,1947,Within Marriage (or Civil Partnership),187458
30 - 34,1948,Within Marriage (or Civil Partnership),149607
30 - 34,1949,Within Marriage (or Civil Partnership),131570
30 - 34,1950,Within Marriage (or Civil Partnership),131956
30 - 34,1951,Within Marriage (or Civil Partnership),134592
30 - 34,1952,Within Marriage (or Civil Partnership),139004
30 - 34,1953,Within Marriage (or Civil Partnership),144779
30 - 34,1954,Within Marriage (or Civil Partnership),143547
30 - 34,1955,Within Marriage (or Civil Partnership),136369
30 - 34,1956,Within Marriage (or Civil Partnership),137611
30 - 34,1957,Within Marriage (or Civil Partnership),138453
30 - 34,1958,Within Marriage (or Civil Partnership),139020
30 - 34,1959,Within Marriage (or Civil Partnership),138144
30 - 34,1960,Within Marriage (or Civil Partnership),145034
30 - 34,1961,Within Marriage (or Civil Partnership),146070
30 - 34,1962,Within Marriage (or Civil Partnership),147203
30 - 34,1963,Within Marriage (or Civil Partnership),146691
30 - 34,1964,Within Marriage (or Civil Partnership),146227
30 - 34,1965,Within Marriage (or Civil Partnership),137515
30 - 34,1966,Within Marriage (or Civil Partnership),129541
30 - 34,1967,Within Marriage (or Civil Partnership),123408
30 - 34,1968,Within Marriage (or Civil Partnership),118696
30 - 34,1969,Within Marriage (or Civil Partnership),114033
30 - 34,1970,Within Marriage (or Civil Partnership),107832
30 - 34,1971,Within Marriage (or Civil Partnership),103366
30 - 34,1972,Within Marriage (or Civil Partnership),92942
30 - 34,1973,Within Marriage (or Civil Partnership),86478
30 - 34,1974,Within Marriage (or Civil Partnership),84198
30 - 34,1975,Within Marriage (or Civil Partnership),83662
30 - 34,1976,Within Marriage (or Civil Partnership),86058
30 - 34,1977,Within Marriage (or Civil Partnership),95527
30 - 34,1978,Within Marriage (or Civil Partnership),107188
30 - 34,1979,Within Marriage (or Civil Partnership),118773
30 - 34,1980,Within Marriage (or Civil Partnership),122320
30 - 34,1981,Within Marriage (or Civil Partnership),118720
30 - 34,1982,Within Marriage (or Civil Partnership),112625
30 - 34,1983,Within Marriage (or Civil Partnership),111722
30 - 34,1984,Within Marriage (or Civil Partnership),112660
30 - 34,1985,Within Marriage (or Civil Partnership),114862
30 - 34,1986,Within Marriage (or Civil Partnership),116369
30 - 34,1987,Within Marriage (or Civil Partnership),121252
30 - 34,1988,Within Marriage (or Civil Partnership),123384
30 - 34,1989,Within Marriage (or Civil Partnership),125439
30 - 34,1990,Within Marriage (or Civil Partnership),133384
30 - 34,1991,Within Marriage (or Civil Partnership),135542
30 - 34,1992,Within Marriage (or Civil Partnership),137904
30 - 34,1993,Within Marriage (or Civil Partnership),139671
30 - 34,1994,Within Marriage (or Civil Partnership),145563
30 - 34,1995,Within Marriage (or Civil Partnership),144200
30 - 34,1996,Within Marriage (or Civil Partnership),145898
30 - 34,1997,Within Marriage (or Civil Partnership),145293
30 - 34,1998,Within Marriage (or Civil Partnership),144599
30 - 34,1999,Within Marriage (or Civil Partnership),140330
30 - 34,2000,Within Marriage (or Civil Partnership),136165
30 - 34,2001,Within Marriage (or Civil Partnership),133710
30 - 34,2002,Within Marriage (or Civil Partnership),134093
30 - 34,2003,Within Marriage (or Civil Partnership),138002
30 - 34,2004,Within Marriage (or Civil Partnership),139838
30 - 34,2005,Within Marriage (or Civil Partnership),137401
30 - 34,2006,Within Marriage (or Civil Partnership),137996
30 - 34,2007,Within Marriage (or Civil Partnership),138157
30 - 34,2008,Within Marriage (or Civil Partnership),138066
30 - 34,2009,Within Marriage (or Civil Partnership),135802
30 - 34,2010,Within Marriage (or Civil Partnership),141873
30 - 34,2011,Within Marriage (or Civil Partnership),143519
30 - 34,2012,Within Marriage (or Civil Partnership),148403
30 - 34,2013,Within Marriage (or Civil Partnership),144376
30 - 34,2014,Within Marriage (or Civil Partnership),145277
30 - 34,2015,Within Marriage (or Civil Partnership),145600
30 - 34,2016,Within Marriage (or Civil Partnership),146682
30 - 34,2017,Within Marriage (or Civil Partnership),142442
30 - 34,2018,Within Marriage (or Civil Partnership),137741
30 - 34,2019,Within Marriage (or Civil Partnership),134931
30 - 34,2020,Within Marriage (or Civil Partnership),129428
35-39,1938,Outside Marriage (or Civil Partnership),2626
35-39,1939,Outside Marriage (or Civil Partnership),2546
35-39,1940,Outside Marriage (or Civil Partnership),2489
35-39,1941,Outside Marriage (or Civil Partnership),2932
35-39,1942,Outside Marriage (or Civil Partnership),3401
35-39,1943,Outside Marriage (or Civil Partnership),3914
35-39,1944,Outside Marriage (or Civil Partnership),4723
35-39,1945,Outside Marriage (or Civil Partnership),5161
35-39,1946,Outside Marriage (or Civil Partnership),4923
35-39,1947,Outside Marriage (or Civil Partnership),4639
35-39,1948,Outside Marriage (or Civil Partnership),4220
35-39,1949,Outside Marriage (or Civil Partnership),3966
35-39,1950,Outside Marriage (or Civil Partnership),3882
35-39,1951,Outside Marriage (or Civil Partnership),3568
35-39,1952,Outside Marriage (or Civil Partnership),3476
35-39,1953,Outside Marriage (or Civil Partnership),3215
35-39,1954,Outside Marriage (or Civil Partnership),3015
35-39,1955,Outside Marriage (or Civil Partnership),3103
35-39,1956,Outside Marriage (or Civil Partnership),3442
35-39,1957,Outside Marriage (or Civil Partnership),3686
35-39,1958,Outside Marriage (or Civil Partnership),3768
35-39,1959,Outside Marriage (or Civil Partnership),3846
35-39,1960,Outside Marriage (or Civil Partnership),3882
35-39,1961,Outside Marriage (or Civil Partnership),3973
35-39,1962,Outside Marriage (or Civil Partnership),4207
35-39,1963,Outside Marriage (or Civil Partnership),4192
35-39,1964,Outside Marriage (or Civil Partnership),4303
35-39,1965,Outside Marriage (or Civil Partnership),4219
35-39,1966,Outside Marriage (or Civil Partnership),4128
35-39,1967,Outside Marriage (or Civil Partnership),4071
35-39,1968,Outside Marriage (or Civil Partnership),3890
35-39,1969,Outside Marriage (or Civil Partnership),3451
35-39,1970,Outside Marriage (or Civil Partnership),3208
35-39,1971,Outside Marriage (or Civil Partnership),3151
35-39,1972,Outside Marriage (or Civil Partnership),3024
35-39,1973,Outside Marriage (or Civil Partnership),2654
35-39,1974,Outside Marriage (or Civil Partnership),2476
35-39,1975,Outside Marriage (or Civil Partnership),2354
35-39,1976,Outside Marriage (or Civil Partnership),2251
35-39,1977,Outside Marriage (or Civil Partnership),2216
35-39,1978,Outside Marriage (or Civil Partnership),2333
35-39,1979,Outside Marriage (or Civil Partnership),2678
35-39,1980,Outside Marriage (or Civil Partnership),3047
35-39,1981,Outside Marriage (or Civil Partnership),2730
35-39,1982,Outside Marriage (or Civil Partnership),3682
35-39,1983,Outside Marriage (or Civil Partnership),4117
35-39,1984,Outside Marriage (or Civil Partnership),4571
35-39,1985,Outside Marriage (or Civil Partnership),5100
35-39,1986,Outside Marriage (or Civil Partnership),5712
35-39,1987,Outside Marriage (or Civil Partnership),6445
35-39,1988,Outside Marriage (or Civil Partnership),7249
35-39,1989,Outside Marriage (or Civil Partnership),7937
35-39,1990,Outside Marriage (or Civil Partnership),8726
35-39,1991,Outside Marriage (or Civil Partnership),9834
35-39,1992,Outside Marriage (or Civil Partnership),10917
35-39,1993,Outside Marriage (or Civil Partnership),11905
35-39,1994,Outside Marriage (or Civil Partnership),13393
35-39,1995,Outside Marriage (or Civil Partnership),14388
35-39,1996,Outside Marriage (or Civil Partnership),16238
35-39,1997,Outside Marriage (or Civil Partnership),18229
35-39,1998,Outside Marriage (or Civil Partnership),19561
35-39,1999,Outside Marriage (or Civil Partnership),20811
35-39,2000,Outside Marriage (or Civil Partnership),22303
35-39,2001,Outside Marriage (or Civil Partnership),23293
35-39,2002,Outside Marriage (or Civil Partnership),25080
35-39,2003,Outside Marriage (or Civil Partnership),27791
35-39,2004,Outside Marriage (or Civil Partnership),29673
35-39,2005,Outside Marriage (or Civil Partnership),30303
35-39,2006,Outside Marriage (or Civil Partnership),32240
35-39,2007,Outside Marriage (or Civil Partnership),33981
35-39,2008,Outside Marriage (or Civil Partnership),34618
35-39,2009,Outside Marriage (or Civil Partnership),34132
35-39,2010,Outside Marriage (or Civil Partnership),34995
35-39,2011,Outside Marriage (or Civil Partnership),35493
35-39,2012,Outside Marriage (or Civil Partnership),36108
35-39,2013,Outside Marriage (or Civil Partnership),35454
35-39,2014,Outside Marriage (or Civil Partnership),36878
35-39,2015,Outside Marriage (or Civil Partnership),39218
35-39,2016,Outside Marriage (or Civil Partnership),40974
35-39,2017,Outside Marriage (or Civil Partnership),41470
35-39,2018,Outside Marriage (or Civil Partnership),41923
35-39,2019,Outside Marriage (or Civil Partnership),41580
35-39,2020,Outside Marriage (or Civil Partnership),41092
35-39,1938,Within Marriage (or Civil Partnership),74650
35-39,1939,Within Marriage (or Civil Partnership),74633
35-39,1940,Within Marriage (or Civil Partnership),69886
35-39,1941,Within Marriage (or Civil Partnership),70096
35-39,1942,Within Marriage (or Civil Partnership),79839
35-39,1943,Within Marriage (or Civil Partnership),89507
35-39,1944,Within Marriage (or Civil Partnership),105752
35-39,1945,Within Marriage (or Civil Partnership),95928
35-39,1946,Within Marriage (or Civil Partnership),111098
35-39,1947,Within Marriage (or Civil Partnership),109711
35-39,1948,Within Marriage (or Civil Partnership),93214
35-39,1949,Within Marriage (or Civil Partnership),83665
35-39,1950,Within Marriage (or Civil Partnership),79158
35-39,1951,Within Marriage (or Civil Partnership),73599
35-39,1952,Within Marriage (or Civil Partnership),68946
35-39,1953,Within Marriage (or Civil Partnership),65253
35-39,1954,Within Marriage (or Civil Partnership),61319
35-39,1955,Within Marriage (or Civil Partnership),63307
35-39,1956,Within Marriage (or Civil Partnership),67556
35-39,1957,Within Marriage (or Civil Partnership),71461
35-39,1958,Within Marriage (or Civil Partnership),73148
35-39,1959,Within Marriage (or Civil Partnership),73415
35-39,1960,Within Marriage (or Civil Partnership),73721
35-39,1961,Within Marriage (or Civil Partnership),73543
35-39,1962,Within Marriage (or Civil Partnership),72012
35-39,1963,Within Marriage (or Civil Partnership),70209
35-39,1964,Within Marriage (or Civil Partnership),71068
35-39,1965,Within Marriage (or Civil Partnership),67803
35-39,1966,Within Marriage (or Civil Partnership),62908
35-39,1967,Within Marriage (or Civil Partnership),59014
35-39,1968,Within Marriage (or Civil Partnership),54193
35-39,1969,Within Marriage (or Civil Partnership),49392
35-39,1970,Within Marriage (or Civil Partnership),45115
35-39,1971,Within Marriage (or Civil Partnership),42073
35-39,1972,Within Marriage (or Civil Partnership),36797
35-39,1973,Within Marriage (or Civil Partnership),31524
35-39,1974,Within Marriage (or Civil Partnership),27832
35-39,1975,Within Marriage (or Civil Partnership),25793
35-39,1976,Within Marriage (or Civil Partnership),23866
35-39,1977,Within Marriage (or Civil Partnership),23311
35-39,1978,Within Marriage (or Civil Partnership),25604
35-39,1979,Within Marriage (or Civil Partnership),28716
35-39,1980,Within Marriage (or Civil Partnership),30846
35-39,1981,Within Marriage (or Civil Partnership),31480
35-39,1982,Within Marriage (or Civil Partnership),35310
35-39,1983,Within Marriage (or Civil Partnership),37160
35-39,1984,Within Marriage (or Civil Partnership),38350
35-39,1985,Within Marriage (or Civil Partnership),39293
35-39,1986,Within Marriage (or Civil Partnership),39753
35-39,1987,Within Marriage (or Civil Partnership),40159
35-39,1988,Within Marriage (or Civil Partnership),40400
35-39,1989,Within Marriage (or Civil Partnership),41528
35-39,1990,Within Marriage (or Civil Partnership),43179
35-39,1991,Within Marriage (or Civil Partnership),43810
35-39,1992,Within Marriage (or Civil Partnership),45733
35-39,1993,Within Marriage (or Civil Partnership),46919
35-39,1994,Within Marriage (or Civil Partnership),49668
35-39,1995,Within Marriage (or Civil Partnership),51129
35-39,1996,Within Marriage (or Civil Partnership),53265
35-39,1997,Within Marriage (or Civil Partnership),56671
35-39,1998,Within Marriage (or Civil Partnership),59320
35-39,1999,Within Marriage (or Civil Partnership),60470
35-39,2000,Within Marriage (or Civil Partnership),62671
35-39,2001,Within Marriage (or Civil Partnership),63202
35-39,2002,Within Marriage (or Civil Partnership),65369
35-39,2003,Within Marriage (or Civil Partnership),69595
35-39,2004,Within Marriage (or Civil Partnership),72555
35-39,2005,Within Marriage (or Civil Partnership),73810
35-39,2006,Within Marriage (or Civil Partnership),78269
35-39,2007,Within Marriage (or Civil Partnership),81399
35-39,2008,Within Marriage (or Civil Partnership),81602
35-39,2009,Within Marriage (or Civil Partnership),80156
35-39,2010,Within Marriage (or Civil Partnership),80846
35-39,2011,Within Marriage (or Civil Partnership),79951
35-39,2012,Within Marriage (or Civil Partnership),78689
35-39,2013,Within Marriage (or Civil Partnership),76046
35-39,2014,Within Marriage (or Civil Partnership),78293
35-39,2015,Within Marriage (or Civil Partnership),81396
35-39,2016,Within Marriage (or Civil Partnership),84231
35-39,2017,Within Marriage (or Civil Partnership),83644
35-39,2018,Within Marriage (or Civil Partnership),82644
35-39,2019,Within Marriage (or Civil Partnership),80829
35-39,2020,Within Marriage (or Civil Partnership),77334
40 - 44,1938,Outside Marriage (or Civil Partnership),1001
40 - 44,1939,Outside Marriage (or Civil Partnership),942
40 - 44,1940,Outside Marriage (or Civil Partnership),983
40 - 44,1941,Outside Marriage (or Civil Partnership),1156
40 - 44,1942,Outside Marriage (or Civil Partnership),1290
40 - 44,1943,Outside Marriage (or Civil Partnership),1443
40 - 44,1944,Outside Marriage (or Civil Partnership),1509
40 - 44,1945,Outside Marriage (or Civil Partnership),1632
40 - 44,1946,Outside Marriage (or Civil Partnership),1609
40 - 44,1947,Outside Marriage (or Civil Partnership),1639
40 - 44,1948,Outside Marriage (or Civil Partnership),1504
40 - 44,1949,Outside Marriage (or Civil Partnership),1415
40 - 44,1950,Outside Marriage (or Civil Partnership),1322
40 - 44,1951,Outside Marriage (or Civil Partnership),1298
40 - 44,1952,Outside Marriage (or Civil Partnership),1314
40 - 44,1953,Outside Marriage (or Civil Partnership),1291
40 - 44,1954,Outside Marriage (or Civil Partnership),1260
40 - 44,1955,Outside Marriage (or Civil Partnership),1255
40 - 44,1956,Outside Marriage (or Civil Partnership),1252
40 - 44,1957,Outside Marriage (or Civil Partnership),1190
40 - 44,1958,Outside Marriage (or Civil Partnership),1195
40 - 44,1959,Outside Marriage (or Civil Partnership),1122
40 - 44,1960,Outside Marriage (or Civil Partnership),1363
40 - 44,1961,Outside Marriage (or Civil Partnership),1484
40 - 44,1962,Outside Marriage (or Civil Partnership),1621
40 - 44,1963,Outside Marriage (or Civil Partnership),1700
40 - 44,1964,Outside Marriage (or Civil Partnership),1623
40 - 44,1965,Outside Marriage (or Civil Partnership),1565
40 - 44,1966,Outside Marriage (or Civil Partnership),1513
40 - 44,1967,Outside Marriage (or Civil Partnership),1468
40 - 44,1968,Outside Marriage (or Civil Partnership),1330
40 - 44,1969,Outside Marriage (or Civil Partnership),1216
40 - 44,1970,Outside Marriage (or Civil Partnership),1074
40 - 44,1971,Outside Marriage (or Civil Partnership),1067
40 - 44,1972,Outside Marriage (or Civil Partnership),948
40 - 44,1973,Outside Marriage (or Civil Partnership),787
40 - 44,1974,Outside Marriage (or Civil Partnership),646
40 - 44,1975,Outside Marriage (or Civil Partnership),669
40 - 44,1976,Outside Marriage (or Civil Partnership),606
40 - 44,1977,Outside Marriage (or Civil Partnership),652
40 - 44,1978,Outside Marriage (or Civil Partnership),596
40 - 44,1979,Outside Marriage (or Civil Partnership),667
40 - 44,1980,Outside Marriage (or Civil Partnership),761
40 - 44,1981,Outside Marriage (or Civil Partnership),840
40 - 44,1982,Outside Marriage (or Civil Partnership),768
40 - 44,1983,Outside Marriage (or Civil Partnership),788
40 - 44,1984,Outside Marriage (or Civil Partnership),885
40 - 44,1985,Outside Marriage (or Civil Partnership),999
40 - 44,1986,Outside Marriage (or Civil Partnership),1074
40 - 44,1987,Outside Marriage (or Civil Partnership),1361
40 - 44,1988,Outside Marriage (or Civil Partnership),1495
40 - 44,1989,Outside Marriage (or Civil Partnership),1766
40 - 44,1990,Outside Marriage (or Civil Partnership),1918
40 - 44,1991,Outside Marriage (or Civil Partnership),2022
40 - 44,1992,Outside Marriage (or Civil Partnership),2240
40 - 44,1993,Outside Marriage (or Civil Partnership),2365
40 - 44,1994,Outside Marriage (or Civil Partnership),2579
40 - 44,1995,Outside Marriage (or Civil Partnership),2835
40 - 44,1996,Outside Marriage (or Civil Partnership),3095
40 - 44,1997,Outside Marriage (or Civil Partnership),3535
40 - 44,1998,Outside Marriage (or Civil Partnership),3791
40 - 44,1999,Outside Marriage (or Civil Partnership),4151
40 - 44,2000,Outside Marriage (or Civil Partnership),4493
40 - 44,2001,Outside Marriage (or Civil Partnership),4917
40 - 44,2002,Outside Marriage (or Civil Partnership),5331
40 - 44,2003,Outside Marriage (or Civil Partnership),6092
40 - 44,2004,Outside Marriage (or Civil Partnership),6786
40 - 44,2005,Outside Marriage (or Civil Partnership),7395
40 - 44,2006,Outside Marriage (or Civil Partnership),8001
40 - 44,2007,Outside Marriage (or Civil Partnership),8557
40 - 44,2008,Outside Marriage (or Civil Partnership),9000
40 - 44,2009,Outside Marriage (or Civil Partnership),9039
40 - 44,2010,Outside Marriage (or Civil Partnership),9569
40 - 44,2011,Outside Marriage (or Civil Partnership),10130
40 - 44,2012,Outside Marriage (or Civil Partnership),10639
40 - 44,2013,Outside Marriage (or Civil Partnership),10365
40 - 44,2014,Outside Marriage (or Civil Partnership),10460
40 - 44,2015,Outside Marriage (or Civil Partnership),10511
40 - 44,2016,Outside Marriage (or Civil Partnership),10659
40 - 44,2017,Outside Marriage (or Civil Partnership),10526
40 - 44,2018,Outside Marriage (or Civil Partnership),10428
40 - 44,2019,Outside Marriage (or Civil Partnership),10802
40 - 44,2020,Outside Marriage (or Civil Partnership),11002
40 - 44,1938,Within Marriage (or Civil Partnership),23473
40 - 44,1939,Within Marriage (or Civil Partnership),22532
40 - 44,1940,Within Marriage (or Civil Partnership),22049
40 - 44,1941,Within Marriage (or Civil Partnership),23141
40 - 44,1942,Within Marriage (or Civil Partnership),25226
40 - 44,1943,Within Marriage (or Civil Partnership),27122
40 - 44,1944,Within Marriage (or Civil Partnership),30288
40 - 44,1945,Within Marriage (or Civil Partnership),29024
40 - 44,1946,Within Marriage (or Civil Partnership),30044
40 - 44,1947,Within Marriage (or Civil Partnership),30834
40 - 44,1948,Within Marriage (or Civil Partnership),27771
40 - 44,1949,Within Marriage (or Civil Partnership),24451
40 - 44,1950,Within Marriage (or Civil Partnership),22960
40 - 44,1951,Within Marriage (or Civil Partnership),21557
40 - 44,1952,Within Marriage (or Civil Partnership),20942
40 - 44,1953,Within Marriage (or Civil Partnership),20603
40 - 44,1954,Within Marriage (or Civil Partnership),20585
40 - 44,1955,Within Marriage (or Civil Partnership),19568
40 - 44,1956,Within Marriage (or Civil Partnership),19234
40 - 44,1957,Within Marriage (or Civil Partnership),18522
40 - 44,1958,Within Marriage (or Civil Partnership),17193
40 - 44,1959,Within Marriage (or Civil Partnership),16615
40 - 44,1960,Within Marriage (or Civil Partnership),19258
40 - 44,1961,Within Marriage (or Civil Partnership),20432
40 - 44,1962,Within Marriage (or Civil Partnership),20994
40 - 44,1963,Within Marriage (or Civil Partnership),20612
40 - 44,1964,Within Marriage (or Civil Partnership),20690
40 - 44,1965,Within Marriage (or Civil Partnership),19255
40 - 44,1966,Within Marriage (or Civil Partnership),17201
40 - 44,1967,Within Marriage (or Civil Partnership),16054
40 - 44,1968,Within Marriage (or Civil Partnership),14574
40 - 44,1969,Within Marriage (or Civil Partnership),13022
40 - 44,1970,Within Marriage (or Civil Partnership),11682
40 - 44,1971,Within Marriage (or Civil Partnership),10848
40 - 44,1972,Within Marriage (or Civil Partnership),9365
40 - 44,1973,Within Marriage (or Civil Partnership),7862
40 - 44,1974,Within Marriage (or Civil Partnership),6850
40 - 44,1975,Within Marriage (or Civil Partnership),5984
40 - 44,1976,Within Marriage (or Civil Partnership),5393
40 - 44,1977,Within Marriage (or Civil Partnership),4882
40 - 44,1978,Within Marriage (or Civil Partnership),5123
40 - 44,1979,Within Marriage (or Civil Partnership),5311
40 - 44,1980,Within Marriage (or Civil Partnership),5314
40 - 44,1981,Within Marriage (or Civil Partnership),5340
40 - 44,1982,Within Marriage (or Civil Partnership),5118
40 - 44,1983,Within Marriage (or Civil Partnership),5422
40 - 44,1984,Within Marriage (or Civil Partnership),5691
40 - 44,1985,Within Marriage (or Civil Partnership),5883
40 - 44,1986,Within Marriage (or Civil Partnership),5959
40 - 44,1987,Within Marriage (or Civil Partnership),6751
40 - 44,1988,Within Marriage (or Civil Partnership),7025
40 - 44,1989,Within Marriage (or Civil Partnership),7079
40 - 44,1990,Within Marriage (or Civil Partnership),7302
40 - 44,1991,Within Marriage (or Civil Partnership),7294
40 - 44,1992,Within Marriage (or Civil Partnership),7456
40 - 44,1993,Within Marriage (or Civil Partnership),7621
40 - 44,1994,Within Marriage (or Civil Partnership),7662
40 - 44,1995,Within Marriage (or Civil Partnership),7944
40 - 44,1996,Within Marriage (or Civil Partnership),8421
40 - 44,1997,Within Marriage (or Civil Partnership),8797
40 - 44,1998,Within Marriage (or Civil Partnership),9189
40 - 44,1999,Within Marriage (or Civil Partnership),9466
40 - 44,2000,Within Marriage (or Civil Partnership),9910
40 - 44,2001,Within Marriage (or Civil Partnership),10582
40 - 44,2002,Within Marriage (or Civil Partnership),11110
40 - 44,2003,Within Marriage (or Civil Partnership),12113
40 - 44,2004,Within Marriage (or Civil Partnership),13098
40 - 44,2005,Within Marriage (or Civil Partnership),13760
40 - 44,2006,Within Marriage (or Civil Partnership),14511
40 - 44,2007,Within Marriage (or Civil Partnership),15484
40 - 44,2008,Within Marriage (or Civil Partnership),15991
40 - 44,2009,Within Marriage (or Civil Partnership),16318
40 - 44,2010,Within Marriage (or Civil Partnership),16404
40 - 44,2011,Within Marriage (or Civil Partnership),17388
40 - 44,2012,Within Marriage (or Civil Partnership),17380
40 - 44,2013,Within Marriage (or Civil Partnership),16783
40 - 44,2014,Within Marriage (or Civil Partnership),16561
40 - 44,2015,Within Marriage (or Civil Partnership),16554
40 - 44,2016,Within Marriage (or Civil Partnership),16788
40 - 44,2017,Within Marriage (or Civil Partnership),16430
40 - 44,2018,Within Marriage (or Civil Partnership),16071
40 - 44,2019,Within Marriage (or Civil Partnership),16426
40 - 44,2020,Within Marriage (or Civil Partnership),16071
45 - 49,1938,Outside Marriage (or Civil Partnership),87
45 - 49,1939,Outside Marriage (or Civil Partnership),91
45 - 49,1940,Outside Marriage (or Civil Partnership),85
45 - 49,1941,Outside Marriage (or Civil Partnership),86
45 - 49,1942,Outside Marriage (or Civil Partnership),100
45 - 49,1943,Outside Marriage (or Civil Partnership),101
45 - 49,1944,Outside Marriage (or Civil Partnership),98
45 - 49,1945,Outside Marriage (or Civil Partnership),110
45 - 49,1946,Outside Marriage (or Civil Partnership),115
45 - 49,1947,Outside Marriage (or Civil Partnership),119
45 - 49,1948,Outside Marriage (or Civil Partnership),123
45 - 49,1949,Outside Marriage (or Civil Partnership),115
45 - 49,1950,Outside Marriage (or Civil Partnership),108
45 - 49,1951,Outside Marriage (or Civil Partnership),108
45 - 49,1952,Outside Marriage (or Civil Partnership),109
45 - 49,1953,Outside Marriage (or Civil Partnership),91
45 - 49,1954,Outside Marriage (or Civil Partnership),83
45 - 49,1955,Outside Marriage (or Civil Partnership),97
45 - 49,1956,Outside Marriage (or Civil Partnership),91
45 - 49,1957,Outside Marriage (or Civil Partnership),94
45 - 49,1958,Outside Marriage (or Civil Partnership),77
45 - 49,1959,Outside Marriage (or Civil Partnership),98
45 - 49,1960,Outside Marriage (or Civil Partnership),108
45 - 49,1961,Outside Marriage (or Civil Partnership),119
45 - 49,1962,Outside Marriage (or Civil Partnership),134
45 - 49,1963,Outside Marriage (or Civil Partnership),99
45 - 49,1964,Outside Marriage (or Civil Partnership),123
45 - 49,1965,Outside Marriage (or Civil Partnership),119
45 - 49,1966,Outside Marriage (or Civil Partnership),124
45 - 49,1967,Outside Marriage (or Civil Partnership),112
45 - 49,1968,Outside Marriage (or Civil Partnership),110
45 - 49,1969,Outside Marriage (or Civil Partnership),107
45 - 49,1970,Outside Marriage (or Civil Partnership),84
45 - 49,1971,Outside Marriage (or Civil Partnership),74
45 - 49,1972,Outside Marriage (or Civil Partnership),79
45 - 49,1973,Outside Marriage (or Civil Partnership),57
45 - 49,1974,Outside Marriage (or Civil Partnership),51
45 - 49,1975,Outside Marriage (or Civil Partnership),54
45 - 49,1976,Outside Marriage (or Civil Partnership),49
45 - 49,1977,Outside Marriage (or Civil Partnership),46
45 - 49,1978,Outside Marriage (or Civil Partnership),44
45 - 49,1979,Outside Marriage (or Civil Partnership),49
45 - 49,1980,Outside Marriage (or Civil Partnership),47
45 - 49,1981,Outside Marriage (or Civil Partnership),20
45 - 49,1982,Outside Marriage (or Civil Partnership),58
45 - 49,1983,Outside Marriage (or Civil Partnership),50
45 - 49,1984,Outside Marriage (or Civil Partnership),46
45 - 49,1985,Outside Marriage (or Civil Partnership),46
45 - 49,1986,Outside Marriage (or Civil Partnership),37
45 - 49,1987,Outside Marriage (or Civil Partnership),46
45 - 49,1988,Outside Marriage (or Civil Partnership),57
45 - 49,1989,Outside Marriage (or Civil Partnership),60
45 - 49,1990,Outside Marriage (or Civil Partnership),68
45 - 49,1991,Outside Marriage (or Civil Partnership),76
45 - 49,1992,Outside Marriage (or Civil Partnership),98
45 - 49,1993,Outside Marriage (or Civil Partnership),112
45 - 49,1994,Outside Marriage (or Civil Partnership),122
45 - 49,1995,Outside Marriage (or Civil Partnership),131
45 - 49,1996,Outside Marriage (or Civil Partnership),135
45 - 49,1997,Outside Marriage (or Civil Partnership),154
45 - 49,1998,Outside Marriage (or Civil Partnership),142
45 - 49,1999,Outside Marriage (or Civil Partnership),157
45 - 49,2000,Outside Marriage (or Civil Partnership),183
45 - 49,2001,Outside Marriage (or Civil Partnership),214
45 - 49,2002,Outside Marriage (or Civil Partnership),254
45 - 49,2003,Outside Marriage (or Civil Partnership),260
45 - 49,2004,Outside Marriage (or Civil Partnership),290
45 - 49,2005,Outside Marriage (or Civil Partnership),353
45 - 49,2006,Outside Marriage (or Civil Partnership),418
45 - 49,2007,Outside Marriage (or Civil Partnership),435
45 - 49,2008,Outside Marriage (or Civil Partnership),488
45 - 49,2009,Outside Marriage (or Civil Partnership),579
45 - 49,2010,Outside Marriage (or Civil Partnership),610
45 - 49,2011,Outside Marriage (or Civil Partnership),694
45 - 49,2012,Outside Marriage (or Civil Partnership),735
45 - 49,2013,Outside Marriage (or Civil Partnership),769
45 - 49,2014,Outside Marriage (or Civil Partnership),802
45 - 49,2015,Outside Marriage (or Civil Partnership),873
45 - 49,2016,Outside Marriage (or Civil Partnership),882
45 - 49,2017,Outside Marriage (or Civil Partnership),954
45 - 49,2018,Outside Marriage (or Civil Partnership),914
45 - 49,2019,Outside Marriage (or Civil Partnership),936
45 - 49,2020,Outside Marriage (or Civil Partnership),943
45 - 49,1938,Within Marriage (or Civil Partnership),1998
45 - 49,1939,Within Marriage (or Civil Partnership),2056
45 - 49,1940,Within Marriage (or Civil Partnership),1896
45 - 49,1941,Within Marriage (or Civil Partnership),1875
45 - 49,1942,Within Marriage (or Civil Partnership),1949
45 - 49,1943,Within Marriage (or Civil Partnership),2024
45 - 49,1944,Within Marriage (or Civil Partnership),1983
45 - 49,1945,Within Marriage (or Civil Partnership),2063
45 - 49,1946,Within Marriage (or Civil Partnership),2016
45 - 49,1947,Within Marriage (or Civil Partnership),2104
45 - 49,1948,Within Marriage (or Civil Partnership),1928
45 - 49,1949,Within Marriage (or Civil Partnership),1730
45 - 49,1950,Within Marriage (or Civil Partnership),1627
45 - 49,1951,Within Marriage (or Civil Partnership),1479
45 - 49,1952,Within Marriage (or Civil Partnership),1487
45 - 49,1953,Within Marriage (or Civil Partnership),1401
45 - 49,1954,Within Marriage (or Civil Partnership),1324
45 - 49,1955,Within Marriage (or Civil Partnership),1250
45 - 49,1956,Within Marriage (or Civil Partnership),1233
45 - 49,1957,Within Marriage (or Civil Partnership),1245
45 - 49,1958,Within Marriage (or Civil Partnership),1253
45 - 49,1959,Within Marriage (or Civil Partnership),1220
45 - 49,1960,Within Marriage (or Civil Partnership),1298
45 - 49,1961,Within Marriage (or Civil Partnership),1289
45 - 49,1962,Within Marriage (or Civil Partnership),1181
45 - 49,1963,Within Marriage (or Civil Partnership),1107
45 - 49,1964,Within Marriage (or Civil Partnership),1115
45 - 49,1965,Within Marriage (or Civil Partnership),1246
45 - 49,1966,Within Marriage (or Civil Partnership),1246
45 - 49,1967,Within Marriage (or Civil Partnership),1166
45 - 49,1968,Within Marriage (or Civil Partnership),1031
45 - 49,1969,Within Marriage (or Civil Partnership),903
45 - 49,1970,Within Marriage (or Civil Partnership),825
45 - 49,1971,Within Marriage (or Civil Partnership),743
45 - 49,1972,Within Marriage (or Civil Partnership),616
45 - 49,1973,Within Marriage (or Civil Partnership),571
45 - 49,1974,Within Marriage (or Civil Partnership),497
45 - 49,1975,Within Marriage (or Civil Partnership),517
45 - 49,1976,Within Marriage (or Civil Partnership),449
45 - 49,1977,Within Marriage (or Civil Partnership),408
45 - 49,1978,Within Marriage (or Civil Partnership),479
45 - 49,1979,Within Marriage (or Civil Partnership),489
45 - 49,1980,Within Marriage (or Civil Partnership),578
45 - 49,1981,Within Marriage (or Civil Partnership),680
45 - 49,1982,Within Marriage (or Civil Partnership),575
45 - 49,1983,Within Marriage (or Civil Partnership),612
45 - 49,1984,Within Marriage (or Civil Partnership),507
45 - 49,1985,Within Marriage (or Civil Partnership),538
45 - 49,1986,Within Marriage (or Civil Partnership),491
45 - 49,1987,Within Marriage (or Civil Partnership),485
45 - 49,1988,Within Marriage (or Civil Partnership),450
45 - 49,1989,Within Marriage (or Civil Partnership),431
45 - 49,1990,Within Marriage (or Civil Partnership),429
45 - 49,1991,Within Marriage (or Civil Partnership),443
45 - 49,1992,Within Marriage (or Civil Partnership),403
45 - 49,1993,Within Marriage (or Civil Partnership),427
45 - 49,1994,Within Marriage (or Civil Partnership),366
45 - 49,1995,Within Marriage (or Civil Partnership),409
45 - 49,1996,Within Marriage (or Civil Partnership),452
45 - 49,1997,Within Marriage (or Civil Partnership),428
45 - 49,1998,Within Marriage (or Civil Partnership),433
45 - 49,1999,Within Marriage (or Civil Partnership),478
45 - 49,2000,Within Marriage (or Civil Partnership),480
45 - 49,2001,Within Marriage (or Civil Partnership),547
45 - 49,2002,Within Marriage (or Civil Partnership),641
45 - 49,2003,Within Marriage (or Civil Partnership),615
45 - 49,2004,Within Marriage (or Civil Partnership),619
45 - 49,2005,Within Marriage (or Civil Partnership),738
45 - 49,2006,Within Marriage (or Civil Partnership),776
45 - 49,2007,Within Marriage (or Civil Partnership),874
45 - 49,2008,Within Marriage (or Civil Partnership),940
45 - 49,2009,Within Marriage (or Civil Partnership),1040
45 - 49,2010,Within Marriage (or Civil Partnership),1148
45 - 49,2011,Within Marriage (or Civil Partnership),1138
45 - 49,2012,Within Marriage (or Civil Partnership),1240
45 - 49,2013,Within Marriage (or Civil Partnership),1241
45 - 49,2014,Within Marriage (or Civil Partnership),1187
45 - 49,2015,Within Marriage (or Civil Partnership),1303
45 - 49,2016,Within Marriage (or Civil Partnership),1404
45 - 49,2017,Within Marriage (or Civil Partnership),1403
45 - 49,2018,Within Marriage (or Civil Partnership),1452
45 - 49,2019,Within Marriage (or Civil Partnership),1454
45 - 49,2020,Within Marriage (or Civil Partnership),1396
All ages  ,1938,Outside Marriage (or Civil Partnership),26379
All ages  ,1939,Outside Marriage (or Civil Partnership),25570
All ages  ,1940,Outside Marriage (or Civil Partnership),25633
All ages  ,1941,Outside Marriage (or Civil Partnership),31058
All ages  ,1942,Outside Marriage (or Civil Partnership),36467
All ages  ,1943,Outside Marriage (or Civil Partnership),43709
All ages  ,1944,Outside Marriage (or Civil Partnership),55173
All ages  ,1945,Outside Marriage (or Civil Partnership),63420
All ages  ,1946,Outside Marriage (or Civil Partnership),53919
All ages  ,1947,Outside Marriage (or Civil Partnership),46603
All ages  ,1948,Outside Marriage (or Civil Partnership),41574
All ages  ,1949,Outside Marriage (or Civil Partnership),36907
All ages  ,1950,Outside Marriage (or Civil Partnership),35250
All ages  ,1951,Outside Marriage (or Civil Partnership),32771
All ages  ,1952,Outside Marriage (or Civil Partnership),32549
All ages  ,1953,Outside Marriage (or Civil Partnership),32503
All ages  ,1954,Outside Marriage (or Civil Partnership),31609
All ages  ,1955,Outside Marriage (or Civil Partnership),31145
All ages  ,1956,Outside Marriage (or Civil Partnership),33534
All ages  ,1957,Outside Marriage (or Civil Partnership),34562
All ages  ,1958,Outside Marriage (or Civil Partnership),36174
All ages  ,1959,Outside Marriage (or Civil Partnership),38161
All ages  ,1960,Outside Marriage (or Civil Partnership),42707
All ages  ,1961,Outside Marriage (or Civil Partnership),48490
All ages  ,1962,Outside Marriage (or Civil Partnership),55376
All ages  ,1963,Outside Marriage (or Civil Partnership),59104
All ages  ,1964,Outside Marriage (or Civil Partnership),63340
All ages  ,1965,Outside Marriage (or Civil Partnership),66249
All ages  ,1966,Outside Marriage (or Civil Partnership),67056
All ages  ,1967,Outside Marriage (or Civil Partnership),69928
All ages  ,1968,Outside Marriage (or Civil Partnership),69806
All ages  ,1969,Outside Marriage (or Civil Partnership),67041
All ages  ,1970,Outside Marriage (or Civil Partnership),64744
All ages  ,1971,Outside Marriage (or Civil Partnership),65678
All ages  ,1972,Outside Marriage (or Civil Partnership),62511
All ages  ,1973,Outside Marriage (or Civil Partnership),58097
All ages  ,1974,Outside Marriage (or Civil Partnership),56486
All ages  ,1975,Outside Marriage (or Civil Partnership),54891
All ages  ,1976,Outside Marriage (or Civil Partnership),53766
All ages  ,1977,Outside Marriage (or Civil Partnership),55379
All ages  ,1978,Outside Marriage (or Civil Partnership),60637
All ages  ,1979,Outside Marriage (or Civil Partnership),69467
All ages  ,1980,Outside Marriage (or Civil Partnership),77372
All ages  ,1981,Outside Marriage (or Civil Partnership),80983
All ages  ,1982,Outside Marriage (or Civil Partnership),89857
All ages  ,1983,Outside Marriage (or Civil Partnership),99211
All ages  ,1984,Outside Marriage (or Civil Partnership),110465
All ages  ,1985,Outside Marriage (or Civil Partnership),126250
All ages  ,1986,Outside Marriage (or Civil Partnership),141345
All ages  ,1987,Outside Marriage (or Civil Partnership),158431
All ages  ,1988,Outside Marriage (or Civil Partnership),177352
All ages  ,1989,Outside Marriage (or Civil Partnership),185804
All ages  ,1990,Outside Marriage (or Civil Partnership),199999
All ages  ,1991,Outside Marriage (or Civil Partnership),211294
All ages  ,1992,Outside Marriage (or Civil Partnership),215225
All ages  ,1993,Outside Marriage (or Civil Partnership),216548
All ages  ,1994,Outside Marriage (or Civil Partnership),215536
All ages  ,1995,Outside Marriage (or Civil Partnership),219949
All ages  ,1996,Outside Marriage (or Civil Partnership),232663
All ages  ,1997,Outside Marriage (or Civil Partnership),238222
All ages  ,1998,Outside Marriage (or Civil Partnership),240611
All ages  ,1999,Outside Marriage (or Civil Partnership),241889
All ages  ,2000,Outside Marriage (or Civil Partnership),238605
All ages  ,2001,Outside Marriage (or Civil Partnership),238086
All ages  ,2002,Outside Marriage (or Civil Partnership),242032
All ages  ,2003,Outside Marriage (or Civil Partnership),257225
All ages  ,2004,Outside Marriage (or Civil Partnership),269724
All ages  ,2005,Outside Marriage (or Civil Partnership),276505
All ages  ,2006,Outside Marriage (or Civil Partnership),291376
All ages  ,2007,Outside Marriage (or Civil Partnership),305550
All ages  ,2008,Outside Marriage (or Civil Partnership),320781
All ages  ,2009,Outside Marriage (or Civil Partnership),326179
All ages  ,2010,Outside Marriage (or Civil Partnership),338790
All ages  ,2011,Outside Marriage (or Civil Partnership),341339
All ages  ,2012,Outside Marriage (or Civil Partnership),346485
All ages  ,2013,Outside Marriage (or Civil Partnership),330894
All ages  ,2014,Outside Marriage (or Civil Partnership),330235
All ages  ,2015,Outside Marriage (or Civil Partnership),333224
All ages  ,2016,Outside Marriage (or Civil Partnership),331750
All ages  ,2017,Outside Marriage (or Civil Partnership),326836
All ages  ,2018,Outside Marriage (or Civil Partnership),317809
All ages  ,2019,Outside Marriage (or Civil Partnership),310399
All ages  ,2020,Outside Marriage (or Civil Partnership),300566
All ages  ,1938,Within Marriage (or Civil Partnership),594825
All ages  ,1939,Within Marriage (or Civil Partnership),588909
All ages  ,1940,Within Marriage (or Civil Partnership),564487
All ages  ,1941,Within Marriage (or Civil Partnership),548033
All ages  ,1942,Within Marriage (or Civil Partnership),615036
All ages  ,1943,Within Marriage (or Civil Partnership),640625
All ages  ,1944,Within Marriage (or Civil Partnership),696305
All ages  ,1945,Within Marriage (or Civil Partnership),616517
All ages  ,1946,Within Marriage (or Civil Partnership),766800
All ages  ,1947,Within Marriage (or Civil Partnership),834423
All ages  ,1948,Within Marriage (or Civil Partnership),733732
All ages  ,1949,Within Marriage (or Civil Partnership),693611
All ages  ,1950,Within Marriage (or Civil Partnership),661847
All ages  ,1951,Within Marriage (or Civil Partnership),644758
All ages  ,1952,Within Marriage (or Civil Partnership),641186
All ages  ,1953,Within Marriage (or Civil Partnership),651869
All ages  ,1954,Within Marriage (or Civil Partnership),642042
All ages  ,1955,Within Marriage (or Civil Partnership),636666
All ages  ,1956,Within Marriage (or Civil Partnership),666801
All ages  ,1957,Within Marriage (or Civil Partnership),688819
All ages  ,1958,Within Marriage (or Civil Partnership),704541
All ages  ,1959,Within Marriage (or Civil Partnership),710340
All ages  ,1960,Within Marriage (or Civil Partnership),742298
All ages  ,1961,Within Marriage (or Civil Partnership),762791
All ages  ,1962,Within Marriage (or Civil Partnership),783360
All ages  ,1963,Within Marriage (or Civil Partnership),794951
All ages  ,1964,Within Marriage (or Civil Partnership),812632
All ages  ,1965,Within Marriage (or Civil Partnership),796476
All ages  ,1966,Within Marriage (or Civil Partnership),782767
All ages  ,1967,Within Marriage (or Civil Partnership),762236
All ages  ,1968,Within Marriage (or Civil Partnership),749466
All ages  ,1969,Within Marriage (or Civil Partnership),730497
All ages  ,1970,Within Marriage (or Civil Partnership),719742
All ages  ,1971,Within Marriage (or Civil Partnership),717477
All ages  ,1972,Within Marriage (or Civil Partnership),662929
All ages  ,1973,Within Marriage (or Civil Partnership),617856
All ages  ,1974,Within Marriage (or Civil Partnership),583399
All ages  ,1975,Within Marriage (or Civil Partnership),548554
All ages  ,1976,Within Marriage (or Civil Partnership),530504
All ages  ,1977,Within Marriage (or Civil Partnership),513880
All ages  ,1978,Within Marriage (or Civil Partnership),535781
All ages  ,1979,Within Marriage (or Civil Partnership),568561
All ages  ,1980,Within Marriage (or Civil Partnership),578862
All ages  ,1981,Within Marriage (or Civil Partnership),553509
All ages  ,1982,Within Marriage (or Civil Partnership),536074
All ages  ,1983,Within Marriage (or Civil Partnership),529923
All ages  ,1984,Within Marriage (or Civil Partnership),526353
All ages  ,1985,Within Marriage (or Civil Partnership),530167
All ages  ,1986,Within Marriage (or Civil Partnership),519673
All ages  ,1987,Within Marriage (or Civil Partnership),523080
All ages  ,1988,Within Marriage (or Civil Partnership),516225
All ages  ,1989,Within Marriage (or Civil Partnership),501921
All ages  ,1990,Within Marriage (or Civil Partnership),506141
All ages  ,1991,Within Marriage (or Civil Partnership),487923
All ages  ,1992,Within Marriage (or Civil Partnership),474431
All ages  ,1993,Within Marriage (or Civil Partnership),456919
All ages  ,1994,Within Marriage (or Civil Partnership),449190
All ages  ,1995,Within Marriage (or Civil Partnership),428189
All ages  ,1996,Within Marriage (or Civil Partnership),416822
All ages  ,1997,Within Marriage (or Civil Partnership),404873
All ages  ,1998,Within Marriage (or Civil Partnership),395290
All ages  ,1999,Within Marriage (or Civil Partnership),379983
All ages  ,2000,Within Marriage (or Civil Partnership),365836
All ages  ,2001,Within Marriage (or Civil Partnership),356548
All ages  ,2002,Within Marriage (or Civil Partnership),354090
All ages  ,2003,Within Marriage (or Civil Partnership),364244
All ages  ,2004,Within Marriage (or Civil Partnership),369997
All ages  ,2005,Within Marriage (or Civil Partnership),369330
All ages  ,2006,Within Marriage (or Civil Partnership),378225
All ages  ,2007,Within Marriage (or Civil Partnership),384463
All ages  ,2008,Within Marriage (or Civil Partnership),387930
All ages  ,2009,Within Marriage (or Civil Partnership),380069
All ages  ,2010,Within Marriage (or Civil Partnership),384375
All ages  ,2011,Within Marriage (or Civil Partnership),382574
All ages  ,2012,Within Marriage (or Civil Partnership),383189
All ages  ,2013,Within Marriage (or Civil Partnership),367618
All ages  ,2014,Within Marriage (or Civil Partnership),364998
All ages  ,2015,Within Marriage (or Civil Partnership),364628
All ages  ,2016,Within Marriage (or Civil Partnership),364521
All ages  ,2017,Within Marriage (or Civil Partnership),352270
All ages  ,2018,Within Marriage (or Civil Partnership),339267
All ages  ,2019,Within Marriage (or Civil Partnership),329971
All ages  ,2020,Within Marriage (or Civil Partnership),313370